id,category
0028db7c-7e1e-41c6-b641-c2ddadde8fd8,rock
00819f23-4b6e-4494-bd20-c06b12920d22,rnb
00ad0e21-b370-4f2a-835a-047a96965910,pop
01417e49-bb79-475c-8b2b-803a63895650,edm_dance
0193aa86-ea92-4c8d-8e01-6d66b860b7a2,edm_dance
01db6065-65f5-4677-bf12-86d2cbe13e56,country
01f61b9f-f521-4b92-b455-8445d4a9d6af,jazz
0208ca3b-57e5-43a8-a61f-c54ca21fb4db,classical
021999cf-ee0c-4c1a-8177-7ac16da766ed,latin
0253f0da-5d0f-4125-b738-f25f74c6bbed,rnb
027a9e74-2323-4c81-8c71-e9a98fd47219,country
02a29142-9afd-4048-8b4f-a8088d035303,jazz
02fdb30e-4bf9-4246-9c84-f3bdd007a7d7,metal
0326fc33-ed55-486e-a51f-62a1cb6da92a,metal
033e831f-dbc8-4888-80e9-f8c6ea57c840,jazz
03457d85-3b86-4c5b-9913-5ab5123c7a89,metal
0388bb26-711a-4cb7-b2de-c06bfe698b03,latin
03928fe3-5c7f-4c5d-9da7-d7c1a9130ec8,kids
039d1e6b-ee29-4c51-95f8-48d0b0d54448,edm_dance
03a1344c-a7bb-4eee-9529-75fbaa0b4f6c,pop
03baa8f9-b4a3-4172-b964-bd15495c0de6,edm_dance
03dd5415-eaaf-44aa-9280-d28ad48af4ea,metal
043b1d48-97d1-4bbf-b2ed-91cae266a126,rock
046429b8-f1f1-4e63-b8d4-3bebe198be22,kids
04954ffe-9b4f-4192-9455-941e8e10aba1,rnb
049e2daa-e70a-4488-a9d9-61043cfa836c,rnb
04db0f2e-9668-476a-86cd-e4a774715f40,jazz
05c9df12-fe85-48d9-8d4b-e139439105f6,rnb
05d31d8c-07b0-4dd0-ad3b-ee09f3c104f6,latin
05dee8ba-b9b7-431d-9c3b-351ca1e56f7c,classical
05e8a55e-510c-44da-85ea-b90d21e87f85,jazz
060b6b3e-a952-4dbe-abc3-f2f1e12a4cdf,pop
06209348-1e26-426e-b521-e5f63e4b0c87,edm_dance
06428137-9381-49e0-bc67-43cbe723b6c8,pop
064486fb-2bf3-4053-8dd0-ea22a1eabe9d,jazz
0688b92e-4e11-44a4-a897-c48e3badbc93,classical
06bc86f8-3806-4a87-8749-48909244b776,metal
06f5c892-b340-40a9-a54a-d222b8f766b1,rnb
07439f5e-704d-43c2-906e-7198397b0389,pop
082c6d1f-308d-4b80-a507-6c6fec7ecbdc,edm_dance
08628897-7896-46b2-af8b-9908657cd4ee,latin
089a275c-a20f-4399-aac1-709355a169f3,jazz
08b1fa59-83f1-4de2-bfb3-bb3444d6dd20,rnb
0933b2ef-d746-47f2-b427-4557654bb3ee,kids
09921d3a-98f0-447e-95ca-1b99c518449d,metal
09db1b7c-6445-4736-810d-442ce16f1607,latin
09e7b7d9-3c76-46d3-932a-ff7a9447c46e,latin
09f87468-085a-4cf0-9987-2a955ebb94c8,rnb
0a821a42-9315-4ab9-affd-4508e911b85a,jazz
0aa5d664-1508-460b-a91e-b3d502789543,rock
0ad1fe0f-52ba-4439-a0a1-3cfe59d933ed,pop
0adab271-99bc-4478-83ed-4ed2936dc6a9,edm_dance
0ae396e2-c00b-4a90-a323-f1ff0b01e965,country
0aedb745-52b2-4e74-9279-27f7cf6740b8,metal
0b1e4fb9-b0b7-4bd0-9098-4f0df108dedf,classical
0c2264df-49e8-497b-95bb-725d0e6b129d,rnb
0c5fef40-6851-4417-af69-ac35db7bf40b,jazz
0c9e14de-4636-4d27-b419-8cccbf674b3e,classical
0ca0aa83-2673-4c7c-b987-9682677a9161,kids
0cd2e3e9-1f26-45fa-b8bb-0ed5cf0b9370,latin
0d1b1826-7392-4d1b-b49b-3539e222a099,metal
0d51ea63-43a3-4344-bcd1-576546e618c1,rock
0d5f5774-12a7-4044-a44b-706e7c3562bc,edm_dance
0d92ea5d-3da7-4aba-b4e6-b783fcc315fb,rock
0dc83a24-ae77-4274-989b-5c5b93f48ff6,metal
0df311b0-d352-42eb-b365-b8315c0e95fa,rnb
0df85539-d4d8-4fb4-9ed3-2a7bb1110d15,classical
0e0ca445-4bc1-44eb-8c55-75e45dc2af9d,rnb
0e24ade8-5fac-489d-ab80-7df986c2c9c4,rock
0e422c5c-209e-49d9-8a6d-94b8748600e8,latin
0e4e8ea1-9d30-4954-aafe-272415968e3b,classical
0e63de2e-e113-4337-8ee0-b3477ec2064e,latin
0ebcb53f-a6b5-4301-a2f8-142144f7f88c,rock
0efce324-cf39-4d21-8251-5f9940a315d4,latin
0f2cbbd3-2fe6-4815-9544-d25397a63cc7,latin
0f2d2bcc-5877-45c1-8505-24f117221b65,metal
0f5b7a8f-04c8-472d-8d64-fa74bb25d589,kids
0f5dbc6d-3f09-4a50-9f02-ce963f4b9fd0,metal
0f606962-c8cb-41d0-9368-9ddf2d250b9e,rock
0f881ea9-92c4-4443-82a4-6225b30838ca,metal
0fbd71ed-4bc1-4496-beba-d26ef6952409,jazz
0fd2f970-4121-4f1a-aa0e-22318b368b3c,edm_dance
0fd7c12d-5a30-460a-94e2-f64996ffb7be,jazz
0ff42ad8-a142-4079-bb96-d1580e527182,latin
0ffeddf9-056a-4a46-b7da-8182ee67490a,jazz
103b90be-9792-4806-8bb9-96f80384a706,classical
105c25bc-0a02-4fa1-8dc8-7e66d3e4c219,classical
1061796f-771f-4370-8555-05de04dbad4d,latin
107a36a7-0099-44cb-8842-daef3acf2dca,latin
10807e9b-4c2a-42d8-8db1-7e571186d9e5,rock
1101e721-dfaf-4ad8-a741-8e3dedd68e3f,rnb
118c3489-74b3-4fc8-8612-41b092102a4f,latin
11b293c0-2833-4d92-8b5b-471223fda57c,pop
11b5f963-16a3-4c78-9889-79ca86e9d44a,edm_dance
11c668d2-7da3-4de1-9759-831272deefc9,country
11d4a67c-3440-4333-be4d-45de34190489,edm_dance
120f39f8-3c81-4491-b9b2-f15dcf3aac71,kids
1229784b-07ac-4160-8734-f7e2095a8398,classical
1269344a-2e4a-41cc-83ae-828661b63a73,latin
12892456-1a90-42bf-9483-dffc617dc384,classical
12bbdd3f-d338-4abc-9916-2936e6751c06,pop
130f6a3b-9e8b-4fd0-a889-a143526adcd8,metal
13134ec8-d6ea-4f7f-adbc-5b033d12800d,kids
1315367a-2ce2-4398-b0ad-50a87d11e681,rock
13e631f1-9215-4bc2-94de-4e0bb4b22a78,country
13f99dac-6378-4917-a34f-630955fbc149,latin
13fbdb4b-7395-41a4-beaa-256eb01f1a54,kids
14052189-6266-483c-a4b5-25a08c18d722,country
142e68cf-8498-438a-b141-09f7f8e281c6,kids
1440f4d2-6a25-4526-9747-3d3ca6d7360c,pop
145e13d2-eef1-497c-83a1-cc6d9e72f4c6,kids
147323f1-1f67-498c-9d35-237b83e03ee0,metal
1485675b-80ec-4470-9c13-f5a54dff745b,jazz
148dbf96-43ca-40ec-8726-6d76fbe038a4,rnb
14dcc469-c447-4b64-b3f7-ea1c4aaa6fa1,metal
14fb977d-4780-4368-b40c-f0ca4a7732f9,rnb
157d2e04-e726-4629-b441-5ae5bf6f2bfe,kids
15a2a15c-3c8e-4aef-8040-4a7ecffb480e,latin
15dc8758-9db0-49ab-b76b-d2fb2d7a843e,rock
1628a6f2-35eb-4a3f-8d0b-62e11487e632,rock
1635083d-db95-4805-8820-6991065335ac,pop
1643115a-956d-4bc4-9469-d1879d5b603e,rnb
167cbd30-ad00-4088-8693-0c82c0e9ac51,jazz
16a92e0a-f97e-471b-b823-bb14c7afde1c,edm_dance
1753db84-74d6-49e7-a2a8-8a08aaec3f04,rock
176d21ed-f8bf-481b-a781-c8b824e7934e,jazz
17e6da1c-e2a2-4b01-91a8-78a086b4bd68,classical
185f6ca5-d6f9-49b3-8ca4-7a0d07490455,jazz
18ccbaec-ea3e-4d1e-b649-204fb8556954,classical
191bb86a-a0f0-4409-aa3d-e8969c2baed6,classical
192911b0-a957-47cc-9c80-0ff63a7f359c,metal
193bdc8d-6ce2-4578-8fd0-21d1a5dbcda1,pop
19834c36-4e1b-4369-af94-98ff43518450,rnb
19f73fd3-9758-40d3-bfd3-0988c6ae3777,country
1a0d03ab-dddd-419e-9f2a-866ab649538c,latin
1a211455-6d4e-49fe-ba06-4ec51387b108,metal
1a3f753e-3a27-4177-9e28-417ee82f3765,edm_dance
1a7cb6e1-38cb-43c1-8808-d55df81e825b,latin
1ab76301-d002-4d4b-af6c-8c0e0f0ec83d,country
1b0cf341-ca9c-4e83-93cd-b2e0e97efa49,pop
1b362426-eecd-4618-9c33-82a1d2d5c671,edm_dance
1b64471f-c9ff-4e2a-9098-d14a7d5bf0a4,pop
1b8298b8-944e-4cee-91d3-f22f5304f933,edm_dance
1b923e63-7c6b-46d6-a4fb-cad1f74df7ef,country
1be2a29e-5d7a-492c-bcfc-48796e7b1992,rock
1be933a5-167c-4bb3-900b-01722226d850,edm_dance
1c3b63e7-96b2-4c4b-977e-d1aa720d302d,country
1c511063-5326-4dca-9d03-da5e72c7a06c,rnb
1c5b1ec7-9668-41f7-a0e6-565659a415f9,edm_dance
1c60a01f-86cd-4217-a856-ddd3e51b0d7b,jazz
1cb2f683-7fab-46f0-8e30-e39f250f20ed,pop
1cba594a-cef3-4731-868e-2899eb23a20d,metal
1cdeea5b-6a42-493d-8cc7-e95cdae3fa22,metal
1ce1a5c0-6c5f-4b51-a52c-7317678daa4b,edm_dance
1cf78b0a-75da-4c4c-952d-158e2361401d,country
1d0d92d7-40cc-4e72-a58f-09b8275ae519,latin
1d25cd23-c4d1-4576-8607-2f0dbe50a675,kids
1d44da88-2372-468f-9a12-a2acf921730b,edm_dance
1d64a17a-444a-4626-94a3-7658cd262a14,classical
1daae33b-c558-47ca-9c9c-2183c8538f58,edm_dance
1dadce05-7a4e-469a-9362-886e9c9f683c,latin
1db6a2c7-d5fa-47af-ab62-463d7ca5fa8b,country
1db8d20b-9ca9-473e-bd6c-a5d9c63249aa,metal
1db90012-e3a9-42f0-ba10-9185d68b277e,rnb
1dc3ab6f-f12a-4ede-9574-830ec39e1858,edm_dance
1df08d3f-a99e-46c3-b80e-850dc2580005,edm_dance
1e114af1-ee47-4ebc-a4c0-5034ab67eb37,rock
1e131804-9261-4f76-b2b5-efee11d2bf85,rnb
1e2fbef9-59da-4d5d-939b-9990dbff3192,metal
1e7870ae-6e10-4bc6-80d6-8e23657f0c0c,rock
1e7ffd0d-0dee-4682-930c-16f2a7465193,jazz
1e922a9b-eb87-47fb-a5d7-0d3b9a87bfa7,country
1ead3aa6-7466-4ae9-9ccd-cd4b86a6c7c6,kids
1ec3e949-5ed1-4644-b232-847fc0247763,rnb
1ecf01fe-b6b7-4dc3-bd52-02dcfad188f1,jazz
1efc05ad-e4e5-4ed6-acbb-f990097cd393,rock
1f18fa4a-e692-4939-9613-89863ff81564,rock
1f41a4e5-65d4-46ac-88e6-5e0cad89f9ff,classical
201291d9-fbd9-44ed-a7cd-794bd3cf4559,edm_dance
205e160f-3ee7-4a68-ad9c-cd8102d4001e,jazz
207c6f19-f65b-4c93-a0c9-cc84cbb1a1e0,kids
20c9ec96-07ed-4db8-b926-a42e56c1e015,jazz
212220b1-c620-4e99-aaf8-e925c2813207,metal
213d3e0d-faab-4a16-ac59-aa5a12b042bf,rock
21556ef2-4fef-4e01-9ef5-514b3c8a2a76,edm_dance
21559fc4-620d-4c73-8246-a094b8726e87,pop
218be9c3-dff9-49c8-a0ae-582816f2aad7,metal
21a577f9-f365-4dab-9144-036b9c303edf,pop
21ad5f08-28cf-40c3-bfb5-86ff2f6bbaad,latin
21ba5507-5666-4374-94c3-198b9c99e53a,jazz
21ce3a74-38a9-4985-86a8-dceb2a7b0d1b,jazz
22112333-42f5-4cb2-bd9b-6b062517f6fc,metal
2242a5f1-95e3-48f1-9bd7-f9d3e9804915,latin
225c0309-a78a-4c79-8497-df3648a97413,jazz
228fee32-a44d-4a83-af69-30463d6866c5,rock
22eb02c0-c514-47c0-abbc-ad845909ccf0,latin
22ff3478-616a-4b07-8c38-a683bd7f7903,metal
23589eda-93b4-4157-bf3f-c5d9a559b0c9,rnb
239c81ab-ef04-4743-9bb8-fa9a06896c80,metal
23d73afe-82c2-453d-9665-897a198333a4,jazz
2428f1ec-e225-489c-9de8-6957e1be32d1,country
242fbedd-c959-4156-8f1b-06c39462c705,jazz
24733d6c-8792-41a4-9220-7dfcb0911dac,country
2498d942-3c48-4b7e-b235-7714612f613c,country
24bb4b8d-2edb-40c8-b1db-f6a49189ae9c,metal
24eb9943-f1d0-4a1e-ab8b-9e7677009f1f,rnb
250ad459-1c7f-480c-bbff-583554fdb336,classical
253a6922-3e86-4721-ac2d-5dede4284292,kids
25a07325-d127-4e3f-95ca-36492a853644,latin
25c31404-52b6-40be-8e48-413d2ae9a668,kids
2637fe60-0850-49da-860c-b909070aeaac,country
263ddd91-c728-4661-92c1-8be24cf0bf22,pop
2650a43c-9b4b-4245-9551-60c23843f45b,jazz
2659ab8c-a5c0-45c6-aece-5f7a367f69ad,pop
26b5a4a9-8297-478d-b9dc-97c5053034ae,pop
270c0206-187a-4096-8def-b329d6f2cbdd,latin
2797214a-84e9-441d-849b-a69b510f83fb,country
280d52ed-12fe-4a6f-9081-c2e820caf5a9,jazz
2815613a-2123-4717-83b8-dca320ba545a,jazz
284adf83-e559-40f5-83b2-76fa3d18cc03,country
285a51a2-605a-4b2a-8a22-6d46924b1f26,country
28665cfb-9522-4cc8-befd-be17bda1ea47,jazz
29441f51-ab2a-4c25-a2ce-d00adea11821,rock
2951cd16-96a0-47ad-aca4-c0cea2a8ee5b,country
2971ef51-d77e-4b0b-94e6-d2393df2338e,rnb
29ae2160-7cd8-47eb-b66d-eb9f3a4405e9,rnb
29c84824-e40a-459c-8afb-6149c2c3610c,country
2a18eaac-7304-4be1-b607-d973da8f5e10,rnb
2a4048d4-b8e2-4c20-b802-3c8a14aca866,pop
2a5318d4-a89a-4424-87dd-d42fc7265339,metal
2a5fa4cb-da76-4dd3-8b8c-a6da227980ca,pop
2a92e296-fe46-40ba-8fa2-e0dd13ab48e9,country
2ac3883b-8e56-4e43-bfab-7b6d342e4666,classical
2ac53103-7f93-4100-8075-410bfbdaeda7,rnb
2ae05e6b-bf91-4fc5-a6e4-a0f7e111aabd,country
2ae2b051-2867-41b0-b179-a5a8a5c71c22,jazz
2b55ffba-b621-43bf-8c46-af4a3631e7fb,kids
2b600285-fdd9-43ba-ba15-2514de22b598,edm_dance
2b6dd61d-f373-48c8-a7bd-732048ef51d7,edm_dance
2b8e9219-acf1-407f-8e9b-744a779219c4,jazz
2b9244db-fcf5-4154-b825-a3623af04601,edm_dance
2bac5e35-da5c-431a-bb05-9c314af670de,rock
2bd6273f-f68d-4f34-b3ba-d37758104c66,rnb
2c3976cd-7304-4c1d-b67a-f134dc519ada,kids
2c414078-d5f8-41a7-b02e-6d0cf49bd71d,edm_dance
2c441c66-9582-4e01-b931-08b7665663fe,pop
2d3d2ea7-f1c6-465d-9969-59930b1a5a48,rock
2d517f83-8f70-40c2-bd6f-999cbe79ed23,jazz
2da91da8-da46-4b7c-b306-0bbc6206b9ca,kids
2dcba647-9471-49e6-927d-ca17ebb8232f,jazz
2e4f128d-393d-4b71-b576-5c8289442d43,rock
2eb9a44b-9d83-41c9-9eeb-0826cfe3f97e,kids
2ebc1385-e90d-4502-b3e4-b5fcff011f1e,pop
2efc0848-c6bb-4491-acdb-8561b0b87efd,latin
2f29eb95-6c84-48cf-bce5-b99e0f2092a1,metal
2f46143a-2cc5-4827-a592-7d1f2a401e97,jazz
2f462b50-ff4b-4fca-876f-9298f1dcce79,jazz
2f85ab37-65ba-4a50-aaaf-9889111c35bc,rock
2fbe4c7b-8c10-4c38-90cc-2dfc64b63437,metal
2fd8b0ef-01d0-48ce-880c-dc1c8d203908,country
300f5e2e-3e43-401e-bc02-00bdc5e19bb5,metal
301d93df-a43e-458a-b6f8-82c4eee0c107,jazz
3031243b-e686-45f8-aa01-6829f6cef407,edm_dance
30324191-6d2e-414b-9282-2c99fabe50a9,rnb
3044ec1e-58b1-4cd1-b571-bee2b9693967,classical
308054f7-9558-4a96-bd57-782c6eba726a,latin
30890f2d-aa0a-4239-9ed1-8cea9513cfe5,pop
308f7b20-78ce-49df-9116-43f4c88858ae,classical
30945c2d-bab8-4b42-906a-67f1a14906cb,kids
309e63ff-864d-4db2-ac05-c70cdb7af2d2,edm_dance
3134c965-ebe3-4f9b-83f9-455c0f0e7224,rock
313a6a7e-259e-4bf6-9c29-f689269af5c7,country
318a168c-61f4-4b30-8f77-9ec015274869,country
31b81eea-18f2-4827-a3b2-3868a3c447c6,kids
31c29f52-34d0-429f-b341-932cec6c94eb,jazz
31ed137f-b920-44d6-b8a6-ad5facbef442,edm_dance
325c58bf-f0b5-4f5f-bddc-a4d5becc0b97,metal
3276a664-e69d-494e-9131-b1f82d3001dd,latin
32aec279-b410-4781-93ff-4189641e5de7,edm_dance
32b86f3b-c7d8-41f2-b070-954c5f769b15,pop
32efd62e-bfa3-482e-8971-29c00d878102,jazz
32fea55c-c708-4a78-935c-ae6f77c7cc1c,kids
332ffeda-d03e-478b-bec5-76e7a4650122,metal
33510e83-7ff9-49b7-ad9a-55f02ff22de1,country
33b8767c-d7d8-48d4-9868-ea518946dcc1,jazz
33c2612a-85c9-469c-955c-73bdaee61640,edm_dance
33c347b3-67c0-4136-9527-37736e3c5e3a,latin
34844200-3237-4494-8fbd-7b7900d58412,kids
349aa3f1-e6b0-47e3-87e0-ad47146b3dba,latin
35224bdb-0d71-4e3b-9c47-75f7ca5fbf43,kids
3548b58f-2bdd-4157-80ac-66b3fbb7a113,pop
357d7ca2-1735-47ce-a74f-b843fbb891aa,edm_dance
35dc6e57-1075-4d76-8d44-37833a8986d1,metal
366c4b59-a3ce-48bd-892f-cd9550189020,pop
367d2ee0-28f1-4011-b929-854426298fb0,kids
36e852ba-c8d3-471f-abc1-f54ed8a018d3,classical
36f3b4a7-fe4a-469f-a8ca-8285dd882d2f,jazz
3720b7e1-afa4-4598-b1bb-ddc3a86babc5,classical
3722c402-c51a-436b-a63d-fc53b86bac49,metal
37853c21-61ee-4fb2-b3b9-aa9039390abf,classical
37afaf17-b10b-4d06-8889-416dd9296730,classical
37cf9f9d-a285-4a73-91a8-afd99f499cca,rock
37f8bbd3-2caa-425e-a760-fc116afadc29,rock
38124e58-12de-446f-ad76-e535d523e5f5,jazz
3836b23f-74fb-4442-93c8-45b250257643,metal
383c1eeb-1846-4550-bca1-fb93520598e0,country
38604cba-f9bf-4cf3-8507-f3b75215c6d7,latin
38931003-0e22-4d1c-8694-dd4fff00f867,rock
38d8f890-6ecf-4454-a99b-9c996b088a01,pop
38dafd30-b503-4a6b-bcf9-998d35ae8448,pop
38f0a715-92ad-4a62-9c95-dea8565655cd,metal
3930a6af-66eb-4580-bad3-e1dff61cb3b1,edm_dance
39613cdc-51aa-4f61-994e-edf0499ebdde,country
39768c5a-acbd-4c37-9380-a7dfe7b45578,jazz
398ea242-f4f0-4100-b982-e82fdce19799,latin
398f80ba-faa4-4386-adb2-ee16352e5981,country
39f10494-0c93-43c9-90a6-8e05583a97e3,rock
3a1c7acd-8371-44d5-9611-6bb6b47e7858,jazz
3a2ee179-bb4a-4cad-ab82-f2e315bd1b51,country
3a33f553-4333-4393-9262-a467829daf97,kids
3a627fbe-0f60-4423-be1a-24bdee9bc816,pop
3a64a1f8-9e49-418b-b952-61c0881d150b,country
3a795628-9284-42d4-8b58-4806d20275f7,latin
3a79e1a9-8e50-45d3-beb4-cc66b03f9e1b,rnb
3a87de0f-ad9a-4d06-9ec0-494066ef6a3b,country
3aa8a066-8d7c-4ba0-93d0-4f7b522c31ef,pop
3abb1df0-b087-4615-8654-8086ec22d02d,kids
3abca574-475a-49c2-9988-a52b61c85029,kids
3ac81238-45c5-4bf1-a11f-8f7ef4d4f07d,rock
3af6fcd0-32f3-4854-a1be-114520e36747,country
3b38c456-d488-49ab-8a5a-6f8003e52055,kids
3b852e3a-6fc5-436c-afd9-42a49cea4b04,jazz
3b9e91b1-a41e-4448-81b6-322fbcd89559,metal
3bbb95f5-1acd-410e-81f8-e7c9b517a27f,classical
3be5a43f-7abc-426e-a401-35b838deb2a5,classical
3be858ee-c84f-4f59-8c39-a4cd86e27268,metal
3bf9e9bd-45f6-49f2-8906-c24034ce9a2b,edm_dance
3c4ab463-a59b-4dbe-a4b3-d5cbaa054a8c,jazz
3c554a5a-9ba4-4ee6-b9a6-965517697752,country
3c7fb0bc-0410-4bab-bf60-c1fd80c0cdb5,latin
3c8b79ee-ccff-416e-a554-cfb1a1d46374,kids
3c918600-f6eb-4cb9-982b-7c66db223dac,country
3c98ac05-afbe-42fd-ad0a-4950e8cd843e,metal
3d1b4f27-b5ed-468a-a64d-66b7b4f254f9,latin
3d389475-9c6e-465a-bbc8-8232aad7a170,latin
3d544100-42de-4bd9-9919-617a02abf5ce,rock
3d573941-2034-41bd-8227-bd78a2882aac,classical
3d5c7743-44c5-4ece-a8c8-348fc4babced,latin
3df72490-607f-44e5-b247-decab625eae5,jazz
3e17fb36-b876-4319-b1de-ed6daa85f708,kids
3e353061-2a05-4c9b-9731-42d0e32414f4,latin
3e534ea8-5a01-4dbc-a4e6-4d98faa2f57c,classical
3e70ad0f-21ab-4fb8-a1ad-b40463bab2be,latin
3e71e098-87ab-42e8-8244-6a2bf9c68539,rnb
3eaa4d5a-c69d-4a0f-9e41-63c33be3a1ee,latin
3f03fc42-d8e7-4320-bb9b-2a8864d30feb,kids
3f0dec54-a26b-4ce9-8483-98640f45370b,edm_dance
3f228625-c362-4395-8c12-656aa66d60de,edm_dance
3f5f79d9-37ca-4e2d-a7ea-42cbe6b95181,pop
3f6fe560-ce75-4758-ad99-844fb7d26d4c,latin
3f9427c8-a469-4316-bf42-92f87c1e7293,edm_dance
3fc65a28-1f25-440f-b119-7bf9d4d9d2da,kids
3fcbd430-a6b3-4379-bb61-3eb020bdf83c,kids
3fde4926-b660-4f27-a957-e1ea591c7a16,jazz
3fee0db7-b93c-4f30-b099-44f2b571818e,latin
40078a98-c856-4a3c-9f55-6d21cd0fc446,pop
4033dcac-eede-4e71-a9be-e6a062cbebcd,edm_dance
408ef753-69e9-4d64-a487-9b17effd4440,country
40b60f0a-7887-4db1-9e55-421d5e31e416,edm_dance
415aace3-30fe-47b9-a27e-83c88b733e65,rnb
41b367a8-54c5-4a65-8705-8ee5635899b7,kids
42c0a9a8-fc59-452a-88ff-0ec5e50c71a4,rnb
42d34a81-aba5-4921-bb97-b6415669de88,kids
432c04df-870e-43d9-bcf7-c51887d45766,latin
435ce6e2-f12c-4eaa-bc02-3fb5495ad7bf,rnb
43af1c08-6fe1-4c25-b3e9-9577c43a601d,pop
43dc30cf-47b5-49df-a237-0ef85e69c755,kids
446655d8-37ce-439f-b07b-d2059c330b41,country
4484c91c-ed76-46e3-9264-cacf823cd475,pop
4492591b-e9ba-44f8-8946-27cb619ab125,edm_dance
44bc4394-2b75-49f7-92bc-07f2cef88e10,country
44ed8c70-77d1-4909-97d0-41904e2388f3,country
44f834a9-834c-4c81-b67b-5c2c63b9cb57,rock
45030b7b-2676-4b18-8259-37b1531096e4,latin
45345b54-1316-4333-a62c-22caf4245e20,country
45497ac3-680a-4bdf-912b-a1d5a805103d,rnb
45b04152-7384-4085-8cbe-bb760256d340,country
45d0f65d-7623-4ed6-97bf-6ba4b104dac4,rock
4604fe13-81d4-407b-bac9-f5d4e971220f,rnb
460798ea-cd78-4b30-a90d-3848e987931a,rnb
4619b352-9a53-4038-8a7a-afc13d81b14a,classical
4672c0c6-d3d0-49fc-a3cf-1de8b4cb75a5,kids
46807946-3cfa-43e8-b077-f7c3b6c212fb,jazz
46820ef7-1f4a-479e-af29-48eb5fe6bd53,kids
46dbb751-e94f-4bb9-bc2a-25bbb113e652,rock
46e1d167-ce6d-4fdc-bd2f-e449c7f6d791,jazz
46fa5a2f-b2d5-45e8-ae67-55228041b825,pop
46fbe93e-4808-42d6-a644-594e67429f05,latin
473b32ae-502b-4749-8656-2f47fa0f59df,metal
47aa3d1a-bf46-4522-b3ce-839689d4ec88,jazz
47b4589e-5d0f-4ff6-ad6a-14777ccf696f,pop
47bbb5b9-7c5e-4e9a-8894-20cdbbe726fe,metal
47d14c74-46eb-4a8c-bc5c-fc5e3fefc34f,rnb
4818196d-6463-4454-9f5c-22073971b09b,pop
4887dda7-2ba5-4f41-aac4-0bf0f6784c76,pop
4892c71d-3e45-4151-9a56-ef9b18a6a579,rock
48970c72-bbd5-4d0c-a1c8-613aa6b4be94,kids
48bc6b27-aadb-4a54-9e3b-0be16a0a0b08,rock
48d91d63-0b5e-4d65-ac15-e1d90085fbea,jazz
48dd0926-d28b-47b3-a516-0841b3fff4cd,kids
4938d7d0-da53-4b66-914c-e384f385d231,jazz
495167f9-83ae-4bfa-9a3b-c2aab276acbc,country
4970e78c-4e31-498e-9311-a97592af5e9d,classical
49b176c6-f1d0-485b-86f6-73cd9b7b46ba,metal
49b53ac8-0212-46dd-b33a-73cfc77e644a,country
4a0c87f9-0b68-4576-87dc-4f1da851d935,jazz
4a17d20d-e276-4cd2-ba02-dcd62e4ba1dd,edm_dance
4a30b5c1-1f61-4165-988a-e4937bf318c1,metal
4a3fa3df-c3c5-4b7f-ab6b-081cbdb45613,edm_dance
4a5a3552-9dda-4438-b4f5-d0236b87a1d1,edm_dance
4a79ceab-b99c-4269-8be8-fd32f4ea7276,kids
4a8534d9-6454-401c-a55b-0ad7244ee6bc,classical
4af0e68c-103e-47a9-b1c9-194cdfc5905d,classical
4afb246c-fea4-4413-9ab0-6ff8a2fbedaf,classical
4b5adfb5-85a3-4ae0-89d3-dea6f85f2700,edm_dance
4b5cb07e-5e36-49b2-a04f-4e8b5b2118c2,metal
4b82ad6b-e4c0-462b-8ded-9bab1fd055de,jazz
4bb0c6c5-fed7-411a-860d-1768cd9321a0,rock
4bccd7be-6fa1-4110-8310-b19d5b2fe8f0,kids
4bdc9927-b911-4887-b79a-87b2b8d059f7,metal
4c130182-2253-4a3e-9c5c-0838b827458e,classical
4c398cd5-b13f-46bb-b915-66c2a41e4806,rnb
4c558776-c204-4aed-8380-928f664b380c,edm_dance
4c6f568b-0db6-4b04-8152-80a5e0c7d363,pop
4c93ccd4-9089-4ac2-b671-ed1ea42350aa,pop
4cc6fcfc-d670-48a7-b7c3-5349e620eb52,country
4cf54fce-1263-4f03-9542-8999aca4bee5,rock
4cfd89a8-7456-4ff8-b8b8-2b00d8085c98,pop
4d4dfd5c-c6bb-4f88-af57-97c398f0eba7,rock
4d5b5351-fa61-4c7f-b59c-26684096d0f2,rnb
4d6fbecd-8ef5-4c45-b719-7fcd89672f4f,metal
4d8ad1f3-29aa-41a6-845b-d3a70b6e7fc6,jazz
4de9a05b-425a-422d-96f7-f95ff4456117,metal
4e0487ca-5d95-4075-9dd3-8a94db4fa369,rnb
4e26e536-0ae1-4d4e-96dd-5760c1964499,country
4e3bfe64-e39b-484d-bdce-5eeeba27573a,rnb
4e4bfa9c-96e4-4a1b-b153-39c162699bcb,kids
4e6f4bd9-524b-4ddb-8f51-9f535b98f847,country
4e9caa93-416a-4f8f-95a3-c0ba3ba8f443,country
4ec4eafb-ce10-4fd5-8168-5236336c99c2,classical
4f06875a-1b40-43b2-afba-d0d836fe1411,pop
4f37f451-5455-4155-a6d5-c38630023186,kids
4f4142ba-2935-4c00-8f16-3b2e9b1156cd,rock
4f9e0688-5a54-4be2-bb36-7c1497c2e87b,rnb
4fb25cd3-76f5-4fcb-857c-80c5969d8702,rock
4fbb7bfe-7ca5-4c66-92d6-cd15a018c471,jazz
4fbc4f86-147a-4d2a-bb4f-9988eb56d92d,edm_dance
4ff32924-ada9-48e0-b7f2-2ba0550fa847,jazz
4ffa2038-0d93-44db-aa69-1a1cea418366,pop
5058c6e2-45f1-4352-881e-8e59451e4ead,country
50766b14-c7a5-4443-8298-4eed67eb67ad,jazz
50867e8d-d169-4af4-b709-7387421405cc,rock
5105c50f-ef2d-469a-8367-b5a558a399d6,edm_dance
513b398b-cfaa-44da-9d0a-070e200833ae,metal
51528af9-3a4a-4ed6-97e6-030adf8c6760,latin
51b5ac3b-6031-41c9-a8e9-b4c0c762b7b4,rnb
51bf956c-fa37-468a-81aa-914c36f57a55,kids
51ff06a0-3a93-40cc-84aa-0197498fed9b,pop
522c2a1a-3891-483e-ba1a-466e64ca6128,rnb
52626dad-7384-4886-bbf9-5fc721b8424f,metal
5274460d-0064-42fa-966d-d4852ae9b700,jazz
529fd7d2-dde4-49aa-bf2e-04396468b4ff,edm_dance
530cb154-196e-4063-a377-935105059cef,pop
531e9982-dda4-4441-960a-b181eaefce3e,country
53223e65-14b9-4137-884e-2c6712ebc031,jazz
53469097-9846-45ab-a801-08ac5c7d2193,latin
53611d16-4a44-4582-b040-b2836d048178,latin
5362d106-9886-4cd2-8bc6-90f440f826ba,classical
5364aaab-bcf3-492e-b5b6-46ac1980a78f,latin
53a2ef16-afa5-4530-88e3-1e1ee3ad997a,metal
53a41530-2920-4bb8-9975-0bb32443181d,rnb
53b7f1af-6dc3-4bc6-b8e8-716987f9dbe5,rock
53c53ea5-4e00-4465-8a36-a22619940778,latin
53cdeb82-b0e8-4ffa-98a0-b0fd6c6d8300,pop
53de00e4-7a98-4c40-b8c1-538c5df38cda,classical
541098b5-b8c2-4d6b-907d-c136412d09eb,jazz
542b4192-0631-45ac-9353-d7d31b579c76,edm_dance
54353aa8-53b3-48fa-a64b-ede35ebdaa1b,kids
545a7e63-9e30-4258-91bc-750ec760f50e,rnb
54607721-77ed-4120-911d-415a24960742,latin
54ac9428-739b-4399-8dc6-78c01921a0e3,kids
54c6aec1-05ce-4a8e-8fcf-e569c4b87ee4,rnb
55085d4e-6550-4aef-8e6a-59ef6b298b79,metal
5572492c-c762-4218-af04-e16fbea495a7,rnb
55830b51-fe04-41d5-a177-338fe1ba44c2,country
55b20543-2d94-47f9-8e16-4ce0e10acad8,classical
55cac6a3-785e-4da8-8b5e-ce728adf0f59,edm_dance
55f8ef06-b571-41bb-997a-e72f6306bfe2,metal
5605677d-bbe8-4486-8d77-5844a727a329,kids
5606a56d-0c39-474c-86eb-b811329db788,classical
563c97ee-8b87-4b87-b3d7-42482c670a69,rock
564afd66-d1dd-4d92-b2c1-d3109e6deab9,classical
5665381d-14cc-496d-885f-c3fbfa422bb9,kids
56708fd0-9f8e-462e-b27a-6438b11e7fb4,rnb
567fb7b8-58a5-4197-a602-e4adcf3f3543,country
5697a9b2-f09a-4c7e-a266-93ec46ab5814,rnb
56b91bb1-5c4a-4393-84d8-ad0a0298dd3d,rock
57cb101c-61c4-44bf-b949-37612439457a,pop
57cf7552-426e-4fe5-8e5d-a9a3664af5a5,rnb
58044a30-a401-409e-ab5d-98aca3d1d7c5,pop
580c364e-dbb2-450d-b3d7-0ab45582a917,kids
582e055c-58fa-4ee4-863c-03b123da49c9,jazz
586651ce-28b4-451c-88db-812927bee66a,latin
586e66f5-db2d-4be4-aef2-f827b6860880,pop
586eef33-8365-4c5e-aa52-430e3a25e7a1,jazz
5876f443-2653-4749-9bab-c334f2a8dde2,kids
58d2ee49-0a52-43cb-ad04-e763521e82fa,classical
58e307f9-6e2b-4869-9f94-3bc86a265dce,kids
58e67628-1e7f-423e-a2c1-a15130109c0e,pop
58f2626e-4660-47e3-a182-bed5862146ae,country
591bfa60-82f4-4921-9484-ab69d7237ce6,country
5923efce-23fb-4b98-bdf2-de141e79e73f,jazz
5955a823-314b-4337-bcfc-8beac4167087,pop
59bbcdb1-83e2-4293-89ab-2a5531f9e7d2,pop
59d276cb-e22e-4e79-a458-e71f0e03349a,rock
5a018bc1-47ae-43c1-a1d1-e96571402543,pop
5a202878-6074-4024-84b5-318acdd562f4,classical
5a536bdd-4023-4106-9144-aa19e84e8228,rock
5a82801d-0933-47af-945e-8d5bb121964b,rnb
5ac00e07-771f-4f01-96c7-7986295a1099,kids
5ac08c1c-31b3-4185-9b13-24ffbfb47248,rock
5b16c99d-89dd-4926-b84d-7c8c98328a56,rnb
5b20f601-95fb-42f8-9a45-a167eda5bfab,edm_dance
5b528548-a712-4dd2-90bc-4e6614672d1a,jazz
5b569eae-fcbd-4e72-a906-be73190dfd9d,rnb
5b8c631e-1bd1-4fbd-a31b-a7b12aeee984,edm_dance
5c231e5d-6b49-494b-94af-8d90df7c6fbb,rock
5c3cb9c4-6e31-4e82-8ad9-7f736b5bbede,pop
5c805b7b-213d-44eb-a9b2-9c14dd1c4212,country
5cccc19d-7d18-4e6f-8b74-19c62671f416,latin
5d0cd2b9-2083-478f-9eb2-faa9f996dcb6,classical
5d38cf5e-d98a-4bb5-abb3-9fe9d805e2ba,latin
5de0cda9-9d79-415c-b7a7-c2a0c3068fce,edm_dance
5e2842fa-3a22-44dd-b2ec-f3c838fda19c,country
5e2eae78-ae62-4dcd-b88a-e20cd5453d90,rnb
5e31a384-bf6b-45cf-9171-056ac58b0683,jazz
5e35f651-8e51-4ddf-9a68-d18e593fb9c4,rock
5e4c29e2-bd4d-44ce-b13f-5813f74b8dc6,latin
5e871a94-3288-4238-906b-94a2da5c0785,country
5e9ced0b-3ba6-4082-be40-f240085d725f,rock
5ea7f6a6-5a4a-44a4-843b-8e5c63dcf392,edm_dance
5eb0794d-d154-4117-8057-b01bf6618512,jazz
5ed9435c-f887-4271-9e03-63b27625beb5,latin
5ef55cc9-1a93-4bb4-8c83-1660c4f52c6e,kids
5f07b9a3-11df-47a8-aabc-aa7b81e88f06,country
5f30d7c6-137a-43fc-a2f1-193412a4154b,rock
5f9595d0-3323-47c1-aa79-25e060fac7bb,classical
5fe4dd36-00e2-42f1-800c-b21ccfdfe979,rnb
5fecb95a-f495-47d7-b97a-3ce3d7c2fa9f,classical
5ff80018-9a3d-4732-9ae7-6b5ebecca38c,kids
60175e5c-792e-49c5-9d3c-f42cbd4f152a,rnb
60556666-5d05-4f64-8fc0-c947e53a7f80,metal
6062ccb7-e225-45c6-bb4f-7083dcbc3aeb,country
607accab-aea7-4337-992f-a3229451b29e,classical
6091b487-c45d-41aa-aeed-c58da68d9c41,latin
60ab6713-ee71-499b-970b-5f82d3178ec1,country
60d4cd38-fedf-4fdc-966b-c43734747bb6,pop
60e5ae23-a13c-4044-888b-bdcf9b9b8fcd,kids
6125270b-8c8e-4a93-895e-03ec2c39ce08,pop
6163da97-727d-4d14-81d3-116e3dc6c2f3,edm_dance
616ae423-70fa-4275-becf-417cf7274c62,metal
617e7249-24bb-4f49-93c0-f85816bdde33,rnb
61be34fb-1201-4267-9924-b81ae9a53779,edm_dance
61fc5c4c-cfc6-4359-b0ad-edb3d6650540,country
6213026b-ac00-4e43-9c3f-84e982f7ae2f,pop
6230f42b-dc70-452b-b731-e7c2e3540892,rnb
6257f4b6-8acb-430e-9c78-9987bf6ff7e3,edm_dance
62c9bee7-294b-464b-b920-cbe4566ed983,jazz
62e78c40-c2e0-4d40-a595-d8e556bce490,classical
63b49e50-1155-4eac-8fa3-86e5371df35e,country
6419148f-e3d4-4fac-b53c-dc8375ead45e,edm_dance
642ecbcc-1188-420f-acd5-bcb01a7fc406,country
646529d4-61df-4f30-b8da-91b8e7c91939,edm_dance
64d5d5cd-1195-4dcb-9ff6-993aaf411d6e,pop
64fac1d0-af84-482a-b7bd-47ee52acd907,rnb
65135f39-8905-4a95-8e18-d5add8d771e2,rock
65302f83-9a4d-4306-91b4-75fbc9d4f81b,edm_dance
65419088-16a2-47fc-bb8b-b21d46dfa4d7,jazz
6546f7fb-cbb3-4509-9a87-8c6b683bda47,metal
657361d0-cde7-4229-a904-f708492e0479,kids
657be83d-4fcb-4f85-9d8d-50ff2adc48ca,pop
657d8c63-1843-4ad7-b39b-83346f32d1c1,metal
65921d64-268c-426f-8141-fd3cddd914e2,metal
65961661-68c2-470a-9c09-dc896451e178,kids
661b1dd5-9045-4a62-8420-606ff75be60d,metal
6649dcdd-dbb3-44e9-ae4a-893c2993a60d,classical
6661c39e-6e88-45ae-93e6-604013463fe8,pop
66bfd5bb-6a28-4da4-8d32-f8e856c26777,rnb
66e6be94-12ef-4470-9a1e-bf830b4bae24,rnb
67335cd9-d1d0-455a-8671-1d89ff3ab187,latin
67684e31-88ae-40fc-9dcc-84422b50e5b8,classical
676f252c-0117-484a-aa80-623f2e22fff9,metal
67e18d87-14a7-45e6-84b1-3d6dc3bd017a,pop
67ea686c-bb07-400f-b284-bcf07f9db7a2,country
6848f557-c0ac-46b2-8307-3462b66a2f8a,jazz
68703bc8-a52d-4e5a-880b-6856537058dc,rock
6888e3a6-808e-428a-a2f7-486ded656a87,jazz
689dd854-8cdf-486f-9dfb-90e83a5cbe19,rnb
68c316f0-6bf4-4631-b015-0556d9632336,jazz
68d74360-d483-40a4-ab76-35c769bd609a,edm_dance
68f382d3-8c28-4544-9349-70c17ddefbea,rock
6939fe77-26a0-4e0f-9792-625a9da02201,metal
69670e33-90a9-4564-b6d5-af63091501fa,latin
6967f9c4-e06c-4a4b-a5b4-61b530adc6fb,metal
69848c82-f4e4-4775-ac32-919787ba6c90,rnb
698aade8-fe17-48de-8c61-fbca2e3c5677,rock
698ecd29-fae3-4312-ba8e-a9d6ecd1281b,edm_dance
69954017-455c-4449-8c20-4aea31f70886,kids
69ae6f57-1930-4ba9-b17f-a70d09aa383a,rock
69cc2f32-c98a-4a74-a9a6-0a476db5e42f,country
6a0f5445-62e8-4dc2-85c5-57c9fdc42c65,rnb
6a11feb4-52f4-4ece-9beb-791eec137abe,latin
6a6a741e-ab10-47f4-986d-42c139818aa6,kids
6a7215f6-8988-48e0-8c55-8a21032c3595,pop
6a993e81-b9e2-49d2-9628-c4a6f994418c,classical
6aa52906-8d5b-4ae3-a4b7-88f1e1028804,edm_dance
6ac6a1c6-9c47-40b5-a73f-db6ec45b8d25,rnb
6b3857e8-a923-4437-b63c-ccfb72377b1f,kids
6b454149-1956-4582-a6a1-49e3962b5ca7,jazz
6b73ec1d-f0a8-43a5-a584-869ce3276ab0,rock
6b8a5eba-2247-464c-81b2-15485bf36637,rock
6c20c249-2b8c-4451-8556-6b1cb8657523,kids
6c40670c-294c-49a9-b332-a1115008da07,country
6cd3c6c9-cc3e-4801-8620-2e2d96a34c1e,edm_dance
6cf9510f-2fbc-4697-9c98-ed9419007fd7,kids
6cfb1119-5ca0-445a-a9c4-794629721421,classical
6d20869b-e536-441b-a42f-a9586cc4482d,classical
6d74c43a-73c7-4bb9-9e29-a279cfd6ef4d,latin
6d876ed5-ad69-4905-89ed-737afab0d57c,jazz
6d92c951-c564-4ec2-bd81-434f7ba7c186,pop
6d95d3fd-914e-4431-9b0c-09562fd636c3,rnb
6dd0f6f0-8931-427f-9ddc-f099a837eea6,country
6df2c91a-4a51-44e1-a8f9-65c3d2e198cb,rnb
6dfbff83-df30-4f55-9e0e-e6392a949337,metal
6e2553c0-9da2-4952-baba-1586656f984b,kids
6e5b9419-08b8-4cd5-85cc-e84494332348,classical
6e7412bc-73cb-473a-bf94-ae317a63a6d9,edm_dance
6ec05aa4-c9e0-401f-9dcd-f5fe7787a217,edm_dance
6ef28e7b-9476-4cf8-9887-1a62e2d8d485,pop
6efa74f0-36b2-4557-a82e-3773118ffe60,country
6f1eb563-37e5-4956-82af-b709c10aa2fe,classical
6f2a6716-43c5-4695-8c8a-1b154378f931,jazz
6f36fdd7-cbbf-43bf-b1d5-313999569eb4,pop
6f37fda9-7426-4ba8-ba2b-fb59098c8671,metal
6f3c0823-7814-4e72-8929-d0dfab5cdb51,pop
6f4b4077-d473-40bb-833a-29ee4cc86a1f,classical
6f8415de-475d-40d1-8888-af22832640d9,country
6f89aa58-3529-4548-8c14-2b8f0ed80ace,classical
6f972cef-34fe-4421-8a6e-ed7c50538974,country
6fc8e1e5-da11-4354-90e4-de70ae85ebf9,pop
6ffb205f-48b9-40d4-a3a6-d4aff4e68227,jazz
6ffb52cf-4b09-4d92-915e-fded8094302e,metal
70136a2e-65ec-47f3-850c-a43bc12e46c1,latin
7036097f-979d-4244-b44d-72d5b64a3f9e,pop
7047d085-2ebf-4ef5-9d02-ad43ee123add,rock
705bfa6e-8d6c-4744-91f2-0269da8763a2,edm_dance
7063d626-170f-4958-a100-30ac5f5fd72c,rnb
709018fb-e520-4fd8-b491-a7ae65d50628,edm_dance
7099aec9-7991-40c3-b2e7-e7c0b108d6ca,country
70a2d183-07eb-4a12-885a-9902475d77e3,classical
70bb644d-521e-4195-a49f-1dfaa06612c0,latin
70d2e3fd-358c-4464-951e-fcd9ff326a4c,kids
70deae81-11df-4b00-8432-7d8473b817d4,country
710af052-767d-4dd0-8f49-abb391d24546,rock
7189d08a-5c58-4dbf-9b4b-1a9b9a43554e,latin
7226ef0d-1fa0-49b1-809a-0f12e6b081ef,pop
723c4911-a060-4774-980d-49b2ff139fd5,rock
728ed6e0-2b5c-48f8-8f0b-8fbf602e0008,pop
72d681d8-48aa-4576-854b-4a93db1f3016,country
7300c18e-b5d0-45e5-85ce-ddd77ca7aaa2,classical
7304834d-6025-4a98-a4f7-425cbf08d2ce,metal
73824084-a54a-4983-a893-a74aee72adbc,edm_dance
73c48e2e-55ae-4a31-b8a7-eaac5f4e9c06,metal
73dd2f2b-4fd0-46a3-9453-d5a0dfa97973,edm_dance
742c1b8d-9e70-4773-b05e-2e1e605678e7,kids
744acda0-219c-4b7f-867b-76e27056e984,rock
749ceb2c-ea39-4368-871b-347bd6cd02b1,jazz
749e2836-ba6f-4cf9-b799-2f7f57ccb98d,pop
74ab31f4-c6ec-434b-a165-bd510015ecba,latin
74ef82c9-d924-4eea-859b-92fad7d23a91,rock
752f0302-317a-4438-a622-c6b5f4ee869f,rnb
763d4da8-5f06-4d93-8cf0-7e4784b2abc7,edm_dance
76a69265-091d-462f-9ae0-a9fd5b020e55,edm_dance
76dd8ea3-12ff-4e00-bc0a-c8cc6bc6a04c,metal
76ef04ee-f813-4a30-8f1d-6767bbb513d9,kids
77426e0c-79da-4873-a09b-bc9093f36209,rnb
776b28fc-0ef9-42de-98c7-ecce4a67695d,pop
7796610b-e802-44cc-a72a-0d3a5ced45f4,jazz
77a03f75-da6e-4060-8466-c4840edc60c7,edm_dance
77b97ec8-14a1-492d-8088-b83db907e2b0,pop
77bef281-81e4-4904-bc11-b567053e5f3f,metal
78079525-d1fb-4a38-99ad-90b64a159a50,edm_dance
786e1084-0563-4e53-b4de-27210dbc507b,jazz
7900dd8d-1cf9-4749-bf66-ea84b83d2aa9,latin
793f0143-4a45-4f20-b9ea-6050e1a1d037,metal
79489cc6-1b46-4a7d-b104-f6c705ebd542,kids
795252b2-389b-4dff-a328-27f684497ebb,classical
795cb159-66e2-4a10-9dc5-14f413826e21,kids
798a55ec-2020-4b03-893c-6fcabc106ff3,latin
7993ad17-862d-4bbc-8e51-fde0a657210a,country
79d114e2-5838-493f-a022-f35e4ff35178,edm_dance
79e62da2-9a6f-40a3-b514-74650bb7c30c,kids
7a019a0f-222b-4961-8c15-df8ff01ba102,edm_dance
7a197b67-e4f1-4054-9849-6bf03c45d715,rock
7a338091-0840-4b17-b094-cce145b978aa,classical
7a41266c-79a8-4fdc-9e13-cf1ad909b312,country
7a477f40-3abc-44a9-914f-18108268bf00,pop
7a729122-d29c-4764-b124-b3b837a35771,edm_dance
7a80c107-01b1-437e-b970-2fca9911ac72,pop
7a8384ba-253d-4c38-bc34-75765ea2db0b,edm_dance
7a8edb4d-bfdf-4790-9104-adee8c089f85,jazz
7aae295e-2c99-47c5-a35b-2b8504b4ae87,jazz
7acce891-2587-46ad-a69a-8f025c9b7953,rock
7ae3665d-ac5d-4784-b864-976b7e13dced,country
7b15fc26-3a50-4b58-9fc5-c21ee69c43c6,kids
7b6043f4-4ede-42ed-86ee-e7eb69e431c5,latin
7bd5779e-a8c3-4ab9-a834-72be26958c73,classical
7c327312-71ef-4f6e-b4d6-0256d67a39cd,edm_dance
7c43a50d-70c3-4643-b085-0e648d098c16,country
7c6b64c2-392e-483a-90ad-dd725227f056,country
7c833f47-837f-49cd-b119-3a1fa9ab5305,metal
7c8a56aa-e07e-4aab-84c8-296abf7c3b1f,pop
7cce3fb4-93a5-401e-9da3-8958b8e30809,latin
7d1db741-1b9c-46d5-af05-5da6edaac064,kids
7d31fdc2-aea5-48af-b3b5-328271c89f83,latin
7d544eb2-9fdf-4454-a78d-681fc7de9002,jazz
7d624238-e936-401c-9c83-375290a2fe1c,latin
7dcedf96-7861-469d-a428-3cbf9f52aae6,edm_dance
7df21ad2-e7a6-4750-bb81-80434adf49b0,country
7e809e65-1790-4530-a9ad-01b2a4c2aa61,rock
7ebcbbd9-02f0-46a3-b5ed-2e2618cf4bf6,rnb
7ed37585-2fe3-4ce8-ad3e-4b6c09ec138d,rnb
7ed6450e-dada-4ef7-83ce-39f73a090d48,pop
7f5e36f3-8c5e-4b7d-8d4c-524bd68acc6e,kids
7f82b672-d997-4be1-b20b-0b1e49a7edd1,classical
7fa86298-e8c2-4e3a-855c-0681f355d4fa,country
7fe43daf-9ee0-4fd4-a041-a64498bb93b6,kids
801c3a05-155c-40fb-b3b5-72f3b2affa30,rock
806ce657-2904-48b4-87f7-1cd23df37a57,kids
80a64a78-298c-475e-85c9-1059f760a73f,jazz
80b0101a-851d-4f5e-9825-9885f3bfa997,metal
810a634c-3d54-4807-8c00-89eef2c8438f,edm_dance
81144369-5cf5-45c9-93ba-16fb08c36699,pop
8154ff3b-0dfb-400c-8f64-caa0eabe6c94,metal
81563888-06b1-4f5e-8af2-b14f4a1c5ead,jazz
81c39b8f-cf7f-4254-b9a2-792a604351e9,jazz
8211ad79-a067-48a0-81f3-660e47e970d8,rnb
821a6f56-90d6-4f47-b536-6fea42811646,pop
8221363b-2606-4b37-a9dd-36e5c0044826,classical
8238530f-9f57-47c7-9406-4ae8f0557eb9,metal
8247579b-311b-42a4-86c8-767189c60a31,jazz
829d7c23-cf08-439b-b59f-04273d737d42,rock
82c70faa-4349-410c-a698-81acb81f7db5,kids
82dd70d3-ea6a-435b-9b5f-c02971bc3810,country
82f47d78-0571-4017-b4cd-7b0867e01c2d,pop
830359e8-3604-46a6-83d8-9998f16e0c1d,pop
834a8448-eab8-49ef-a43f-c0d2a00fb8af,rnb
83836a81-1c61-4e2c-97ac-2ea207849ced,jazz
838b674a-ec7f-4cec-9eae-b940ed62c1e6,kids
83ac1382-bff8-43fd-85a6-c6892a4ddd81,jazz
83b74339-5511-4b57-b12a-9abff7a637ca,latin
844de03b-5739-43cd-8c35-cdc23f5a384f,edm_dance
848ceea9-5944-460d-abec-b4fd185f5b00,pop
849c32bc-6b68-443d-bc46-321bd4b9f988,rock
84b6866e-a7a8-411a-90c2-da02824ccb49,pop
8507a098-a455-47eb-91ce-29f9dd099453,rock
851b450f-2437-4c5d-b4c8-9102c5952107,latin
8541cd84-4c7f-4d7d-9ea2-7ac1ee235a28,kids
854fe990-8c77-4a61-8663-15dae50e9450,latin
85671f53-e51b-4743-9c92-97d36bd1c77a,classical
859015dc-62be-4134-8f87-eb21eb71711b,metal
85989f34-21ce-4c8e-af00-76ec08b35eee,pop
85bb3350-2ab4-46bd-8a49-1ea52171f1ba,metal
86334845-cbc7-4c6d-a076-29563bac0115,metal
868a659f-e86c-4342-8e9a-5bf0ad574477,jazz
868cc02d-5980-4a68-8086-650dcc487cc1,kids
86d29434-4b87-4911-9dca-609dc6d247d0,jazz
86e56a71-d1f4-4fd0-9bd6-2d7b46fb039a,rnb
8711b897-261f-4447-9e77-4097db15b619,pop
871cf794-d2ac-4198-ac62-0be848607052,kids
87273dd6-5078-4596-8d1e-6093841edfe2,metal
87296eda-329e-4264-a437-f9533352d0a1,rock
8742907c-b68e-4a12-822e-21c08fc287e0,metal
87460d81-26cc-42a4-bfcc-7ffcb51255bd,rock
877201d8-87f1-44dc-aa98-79d5f838d23a,jazz
877452a2-e89f-454c-bcef-3af4af9d31f4,kids
87ac741a-832a-4ef6-860e-8216b6e08855,jazz
87d09a32-b5c1-43cb-97bf-0e0ba39ffde7,kids
87fa7e28-bb0d-4683-a50f-f6a9086e9f88,country
88116672-782d-4289-a0d6-908c8c6c4ba9,country
882d1fdf-c8a5-4eea-ad31-c24f30e75a00,metal
88428940-ff9a-45a6-b088-2df2e2f70d21,edm_dance
885ff31e-43c2-40c8-8d92-de8d7391fd6a,kids
8863e9b5-408a-4601-85c2-c678811ac747,classical
88784db2-e53d-4245-9105-085b14b2fef0,country
8878bafb-3420-4d96-bd93-5a3f809dbcbe,rock
8896d618-a125-41a7-af77-4b6cae2e471e,pop
88a189f4-af3f-4c02-935c-3419bac21225,latin
88a47426-6650-4eb0-815a-cb2a27d63a92,country
89661f0a-8d86-4f65-9bc1-f810884eaf3e,country
897b365d-dcc9-4432-b17d-b32a9c43ce52,kids
89982b75-3c3d-430b-8139-468c217a542d,classical
899d8bf1-d987-4acc-b2a5-37806c30ec1a,rock
89c48f69-2d83-44fb-9979-75c600f01d58,rock
89ddb321-69b8-419d-a51c-28bc884f931d,latin
8a1829f5-d6c0-45c3-8ab4-2851f3d1863a,kids
8a22e37a-f21a-4286-8652-83e1fdfb5e7d,pop
8a6dfdf1-75f1-4d11-9fbf-4b1d9271c644,metal
8a774ab2-8239-48d0-89a8-9ef0ba5430a2,edm_dance
8b3e4fe5-4f70-47d9-b262-26c4ed330b36,kids
8b6a64d4-579d-4214-9668-047e873acae1,latin
8b86b08c-7182-47b5-97d5-2c1ca86f7cdc,jazz
8b8a0bc3-ca76-4df9-b8f6-b04b7b2e39e2,country
8b8a9b46-2c3b-464b-9cdb-118238039e58,rock
8bd24164-593f-4ceb-a003-c889bc24a0ed,rnb
8bf97749-c080-464d-8ebc-c54e8a662d30,kids
8c068394-fd47-4b24-aa4c-61a4b401b536,edm_dance
8c3c996b-9412-426a-b3c3-3e414f8b771b,rock
8c511897-b8e6-4059-b055-61232bff680e,jazz
8c8d749b-308b-4fa0-9a99-fa11e07c7cae,rock
8cd5be60-eb2f-440b-97dc-c45549cdfb89,country
8d84f5b7-d585-4ca6-ab16-ca11e57cb5c7,latin
8d91f4d5-15a9-4124-89b5-09a7fc3fb2d9,kids
8dcd37f2-d4eb-43b5-9155-f10eaf46c090,latin
8ddddf0c-b80c-47e3-a19a-e808cf2bad04,latin
8dffbd4d-fa1d-4b1e-bc9c-caf51cf791b8,edm_dance
8e58e62a-4ca2-4604-acb5-d4d2010480de,classical
8ee764e9-1388-4598-b015-3b4e57025d27,rock
8eead881-d3b7-4b92-b8fb-09ddcb48a088,classical
8f02cbf9-87b5-4e47-bf54-d576e6648d95,kids
8f6d573e-82f3-460a-b982-57666d7364ff,edm_dance
8f993870-76d1-4fcf-bacf-5737405282bd,edm_dance
8fa6bfa2-db37-4a02-9b25-125d42a23bbc,classical
8fd02846-ff7e-47ea-aa05-435cb42d0e84,latin
901d39bb-5cd2-4720-be69-4df7986225f4,classical
9041436a-85ee-4b72-8691-c0b46f9a6900,latin
90702f0c-f8e6-4a50-9a49-4aaf05531242,rnb
907c936a-fda3-4073-9649-7b08cdcb6bad,pop
907fe584-f0af-4e45-9e49-33fdf67ba697,metal
91098d82-a000-4de2-a7b4-0135ac99da06,latin
911e456a-70b0-49a6-9293-b2ed7fe0e900,metal
912a69e2-63bb-4f73-99c2-8c4c56055ad9,latin
914ef31e-4fb7-47cc-947b-270d6a82721d,latin
916fda42-dd3a-4e80-8bdd-c926ff670062,pop
91a68531-3606-4012-ae12-92e3f9c499b8,latin
91d69d41-332d-4b50-b4f1-ed3a38d59cef,latin
91fa0138-f5b3-4cd7-9d60-19a316ba6ca3,country
92066bbc-b410-4b6b-958f-0cb796a5f293,rock
92098830-ac75-42ad-b162-a2a46f27fbf3,latin
92398f36-7e87-47ad-8005-c594c49eea09,rock
92770057-4fe1-4b73-8385-011656e2228d,latin
92869f90-84f9-4273-8946-0400b7ed4530,jazz
92cfc203-091e-4eea-b1db-01bc7c909880,country
93037c0c-036e-4510-aff0-6121683e81e4,jazz
93999ab1-3533-4476-bf8e-49078776ecaf,classical
93e44759-e3b1-4145-8bbf-ecde6e39a27d,kids
93eb0ff9-9f65-464e-aa83-860a52a5a7de,rock
94088dd6-20f7-47bc-b863-e8aa1bb9e778,rnb
947c31ad-efff-47f8-bd3b-e5edf77555d0,jazz
948b598d-181f-4d16-b35a-5797c162b865,edm_dance
94e4fb47-a26d-4a3d-8e2c-12b3b84157ac,rnb
94fae359-5224-4d0a-bf3a-23ce6881bfec,country
95067310-e083-4c24-a629-8dff9338dcff,kids
953ed156-1a2e-4caf-9e60-866c665d24e6,pop
95452282-b069-4b4c-b369-39d0654c1781,jazz
9569804d-4581-4834-b4da-f3cfdb08e3dc,pop
95d67999-526d-4e74-a013-73a20ff4f547,pop
95e88eee-9b40-4873-98f0-cc5201f8b28d,rock
96124014-fc9e-4cbe-93f2-f45f5129f6f6,rock
963048f9-f9f5-400d-bb17-05b277c50386,rnb
968ae06a-ab24-447f-b1a6-e0101e2b5e8d,metal
96a7648e-1a42-4db1-b162-7f7fca6ebae9,pop
96cb5828-d9cc-4897-a2c7-e3eed9c14a76,rock
97bacfa6-8c27-4761-b509-460a55dfa2d2,latin
982a1396-49e2-40cd-a761-6be46fac2bb6,classical
98378a5d-006f-4aff-87ca-5a1c878af347,rock
9840f7f2-2c83-493c-86f9-b47cf1860744,jazz
984d3942-bf33-41de-9dc5-894e5b74537d,jazz
985b9823-82ad-437c-9013-b0d8b1bc6035,edm_dance
9864174c-5722-4484-9d09-f419988d5836,metal
98b94877-ade6-422a-b07b-c65d73940724,jazz
98f92c9c-d951-4251-b2a5-b616115f41e7,edm_dance
9921aa86-e558-48b6-8da0-9e37bc91d01a,metal
995d367f-3598-4a7e-8d34-029567a6c416,rock
99b08f30-e940-43ea-a890-c64e7ad02f28,edm_dance
99f2d9f5-001d-4d54-86b1-b5eb52804baa,metal
9a0ccd07-998b-405f-84eb-4178c43bfd32,rnb
9a357afe-5af5-4f82-8ec6-6614f52e66cc,rock
9a71b583-d443-4429-9cee-0840e4d12164,classical
9a924419-d1ec-423c-94e1-9edb4f2f3540,edm_dance
9ab0d398-b8d8-46b6-8951-0a1adcc3fd60,jazz
9ae37c04-c524-4d15-8cd3-4b640ee69cff,rnb
9ae63769-958e-4ea5-81fa-b9254859d56d,jazz
9ae951e8-b163-446e-970f-d68a7d5fc9bc,latin
9b17c1bf-ef73-4d62-ba75-2137179e0329,jazz
9b4b30ce-6e4e-46dc-a410-8652487984ef,rock
9b57fe14-874a-495d-b176-e76648f0ebf6,kids
9b66d7f4-430d-465f-b59b-421572f7232b,rock
9b79e34c-eaa1-45f4-9d52-c9fc7c6c8b07,rnb
9b93e59e-083e-4950-8501-65462650d5ac,edm_dance
9b9f4f70-7d46-436a-bf3e-53092f523fe4,kids
9bb1bace-46ac-462d-81b7-c914f1400a48,edm_dance
9bc73377-e00a-44e1-a549-56b838838aec,metal
9be014b3-f874-4966-a073-1ab029a9c5e4,pop
9c0f6de3-8ec7-4aa3-adf8-ec9a96f5a1c3,jazz
9c20f309-a8a0-4c90-bbd7-431535d998a6,kids
9c281889-72a2-4e2c-8b16-8b0bb5109871,rnb
9c67e4ef-e60d-47e5-b6ae-bfc88d131fc9,jazz
9ccb7cf6-5896-45d3-8d28-8b50e143fd16,rock
9d4eb21f-ad60-487e-8060-bc6e062a40be,country
9d6653d4-8267-4f15-a085-60b2632073a7,edm_dance
9d6f5633-ac12-49a2-b94b-560cbf4bf622,country
9d82b7ef-839d-4e51-8bc0-67a50c0f0ab0,pop
9e93648a-69d6-4c13-95c8-f1c7482060d3,latin
9e9e3b22-8477-498c-b922-5f1f8b290bae,rock
9ec3c170-e9f9-4eed-8b15-2e5a34d7aad3,pop
9ecd9a27-5310-42f4-b0d5-8c94584307c5,classical
9efc6c5a-9f80-4aaa-b57b-1a7544af4d7b,country
9f08b1ee-5bbf-4d1e-a350-41f1147f0c6a,rnb
9f61a00d-afbf-49f2-a6cb-43728cbf7d27,pop
9f66697e-cebd-4373-8d0b-6ef242320c2d,latin
9f6f7217-4ec0-406c-930d-3d01bcd54a70,pop
9f9c5a8d-8c77-456c-8120-586b074c6842,kids
a0105e67-ef94-46ae-a10d-a0812f8cb8bc,pop
a043e0b4-c702-4462-9023-c71499fee589,rock
a0622d19-6d71-4657-ad04-78c1234356ba,jazz
a0723e5c-8780-4d16-bbea-1a3d2c1bccdf,pop
a0943f65-34da-473c-ac78-2aa450315f36,rnb
a0af36e7-3bd0-4e2a-afa2-b8a17bc2b261,metal
a0eef65b-c050-4b93-b725-480ef4a9886e,rnb
a13c52c5-88ed-476f-bc19-b0112b140684,rnb
a1444afc-fc82-4db5-a35b-45eb89eada19,classical
a17f0841-0578-4fd2-8170-670f120fc91c,latin
a186ae52-a5bf-4fa3-becd-fe09021487f8,metal
a1ae2b18-5fa5-46a8-80a6-a3cb1121d66c,metal
a1bc2a62-aa66-42dc-b989-e4731dd4de89,metal
a1f8cae1-816f-438d-8643-eecc250bf1a7,pop
a21936b1-c2ad-4157-b07d-381ae6d4c213,jazz
a272f4d9-47a4-4f24-bd75-a496f853345c,edm_dance
a2874375-fb2d-485b-ae7b-f61db82360ff,pop
a2910133-d63d-4faf-a1d4-82235ab553ca,kids
a2c88f83-e9a6-40c0-a9eb-87e5fc034f6c,kids
a2e8e660-2301-4b48-ae49-48f7b7ff80bb,rock
a2fb236b-7fd8-4c70-9cc6-c0584a08ad48,pop
a36009cf-7895-45da-b8da-956caafeeafa,country
a36354c6-3548-4c1b-b884-2efce644b2a0,classical
a3660857-44b5-4cf6-870c-42c4f876b4b4,jazz
a3af4529-b919-41f6-8aee-c06165f6bc2e,metal
a3bcfa0c-7b44-49e0-bb0b-93f4bd6ecc44,pop
a4092eb1-a1a4-4b1d-8e6b-aba084f3a098,jazz
a421690f-8cf1-4f44-b74a-de91ac3e495d,latin
a4706ccb-7d1e-4d2c-a499-e4cb5eef6eda,edm_dance
a475e42e-a171-4d02-8c98-1d857a1b0a66,kids
a485ab6b-d054-496b-92fe-6684ce3a7894,latin
a4a9b78d-37b5-4bfe-b71f-ef28670e6182,edm_dance
a4bdfa69-f384-4453-a989-973d66f37f12,country
a4d4f480-8b3c-4d08-b9a1-47730e456ed7,metal
a4fca871-d678-4121-85db-56962549785f,metal
a516e047-3ff5-4a68-8473-ecf171bc7077,latin
a54cb697-6d75-4188-a4ef-b0bfa49c2007,metal
a5542bdb-a464-4691-ad3c-7bcde88a87fb,classical
a561bae2-0f54-4307-8f42-b4b05c100224,kids
a56fc0c8-f88a-43ee-9ca8-d255a424e052,kids
a58b378d-deed-4035-b35a-177a7e0e2d2e,jazz
a5c529fa-6a22-4fb0-8162-bcdf2c65e511,jazz
a62294a9-d451-45c4-acf5-9073310706a7,kids
a6233755-467e-4384-98bc-9ce1761b7938,pop
a64b4cba-bb14-451c-82fa-d531d6c67b52,rnb
a67e5660-a267-425d-a5df-1c6034866b18,rnb
a6be3996-673a-4bc4-a9e6-b25fde85ef39,metal
a6e476eb-ea9e-4167-93e7-7079d52947c0,edm_dance
a6e9ba72-a0d8-4ef7-9c1c-4fd8f0695577,rock
a6fbda85-4893-4fee-aaa2-50f90b219e5e,country
a712a1e4-c252-4ea1-a7df-f394fc89c7f1,edm_dance
a739e122-6d84-45e2-a33c-465375cc6717,latin
a7855060-a305-4512-b9c6-ce2b889e3509,classical
a7fe0d1f-0ff1-4f5e-a2f6-f407630a79de,edm_dance
a80d65e8-3bfa-4242-872b-658a1a7f95bf,metal
a80ec5aa-f1c2-4da0-a726-adc84ad09345,country
a8359a3d-d7a3-4474-bb06-ec26ba00abe2,edm_dance
a83ffe62-95c9-450c-b594-7719983b1fd2,country
a8560f78-7fee-4cfe-bd17-3ec8bf37ce43,metal
a88f4d45-5bbe-44f9-a6e2-bbdcd3893a14,jazz
a8bd9efc-ef69-4aac-b3a4-d73ae16927af,pop
a8e17b34-1563-4dfd-9642-85c6bf4c18c7,pop
a9341f41-4f61-40f3-a86d-3595af225498,rock
a936448c-ec8c-4bc3-9b69-9dc70d4f9cec,latin
a950bd10-8396-42d9-872c-260f1a90d783,pop
a9630c79-8456-4eab-9301-d891fcfbc282,pop
a99984ee-0e0a-4007-bb7f-9715e9e5f505,latin
a99cc1c5-af93-4ec5-974d-5eaff40d89e7,kids
a9aa70c6-a1b2-46f4-b3c2-e8e22b84b435,kids
a9f759aa-8ba7-4d31-b8b7-0a648ba0f46f,rnb
aa0f923a-a994-47a0-af5d-ecd9fe93da8d,kids
aa140dbf-1c45-47d2-9892-2d47f9f8c6a2,metal
aa241be4-fe6a-402d-965e-dc0c642472af,rnb
aa26d6d8-7352-4607-ae19-828a98dc2f08,kids
aa398ca5-89a2-40ad-b826-9199915932b5,jazz
aa564aec-f79a-4122-ad75-3b7ba07a1aa3,country
aa79e08e-81c9-4796-bb40-24e45ebc6cfe,kids
aa8f1f5e-24a1-4f94-90c3-c723dac197b2,edm_dance
aaf7670e-15b7-4073-91ed-c332aa37afa0,kids
ab05b1bc-957b-4e7c-9772-0669d08204a6,rock
ab1903ea-db80-4b4b-9bb2-2c0ce4312900,metal
ab2dae25-ddc1-455c-9fa7-05f29838cf34,rnb
ab5a3bf7-e172-48f2-96bc-5b889f2b3b45,latin
ab891ab7-f6be-4991-a08a-cb63b93d356c,country
abb2c742-f0b4-4458-901c-c5538f78d2cb,latin
abcb59f0-38e7-4a0c-8406-e9ad58b6bbd5,country
ac193591-88ec-4dbe-b887-01755eb34081,metal
ac344217-2e5a-455e-b0fd-ce780928f371,latin
ac4674e6-d16e-4398-a578-809495034db6,rnb
ac483d24-1495-43d1-b5f9-9953f5f37824,country
ac7fb8d4-ccad-4238-9768-25496ddbbd26,kids
accb4a84-5724-4a18-abce-7b7b7a1fe1f4,edm_dance
ad272a6a-7827-41da-9d06-b7d8a86e8b03,latin
ad402362-56f4-45be-832c-b4952d204aff,classical
ad66c8c0-4a29-4db7-acd5-5c5ed7333541,rnb
ad8e49ee-5533-46c4-b3be-da9021e1247e,edm_dance
adfc7fb2-6c12-4d97-97f1-9bade8280125,jazz
ae01bae0-42b8-458c-a267-fabaa609226f,rnb
ae80a69c-8893-416a-bd1a-b76c00c82a77,metal
ae8f59aa-8c20-4f48-9b52-8af1d4d884bf,jazz
aec716bb-7957-4bb1-9a57-09f49d07d544,country
aef23168-6420-42b7-a83a-1b1a1ac9acc3,country
af44a988-3a74-4bec-83c2-f4ddb94f859d,pop
af62cb92-299c-41bb-831a-4c0eb7366526,jazz
afcc207b-d5ba-473c-a061-62a38153f47f,edm_dance
afe1f956-e1d3-4cf9-a075-e68d905b4035,rock
b011a268-8836-41af-9352-05479ed825ad,kids
b03ecc88-9bd9-4363-90a9-91d0e5075018,rnb
b09e9be6-3920-4455-ac83-c7d1298d304e,pop
b150d668-2e7c-4af3-a780-343640054643,pop
b172968a-13d6-4ae4-9624-525d1176400b,metal
b19571e7-adf6-4b88-8694-ffd7e4b4c50f,rnb
b19e1500-77da-49ae-a7fa-7c7f00a70e2b,jazz
b1ee6193-be57-41a1-9014-ca584a429bd3,classical
b1efe297-5931-4993-8b62-2709f00fdd5d,classical
b208fb90-ebf0-4f3b-9d1c-d0280337c52d,metal
b23f61b2-3e7f-4924-9791-de34f7fe9488,pop
b273904a-637b-4628-9ec0-f3911bf54dcb,rock
b286ff43-01e6-4111-8568-5c826db805b2,metal
b2bcc4b9-b1d3-4413-9e64-b4611fc70b87,jazz
b320fbab-9c22-401d-94c1-d26c9ae50ea3,latin
b356bf3e-8739-4c0b-9bbc-73a2bc5b7b87,country
b39d0c41-65a0-417c-91c2-86d5875f7126,pop
b3d7bfb3-0886-4f89-baba-6c01daa60742,pop
b438866d-befe-4c22-9f46-909371db9861,jazz
b44de989-081c-46ae-86fa-90e6e20af2d9,jazz
b463c0d8-4cbb-4d1b-86a3-0a44b1a6b105,latin
b48dc206-742b-414a-bfa1-3d1efb664306,edm_dance
b4b86ec2-b5e8-47a7-9fb3-e3cde8308f0f,kids
b4d355b6-341f-4987-95ae-7f268352c739,edm_dance
b53178fb-b349-4265-b6c6-74913bb949a0,rock
b5ed2175-6328-47a2-886e-a91da3b97f58,latin
b5efd266-5c30-4bb6-b3d6-04b50788982b,rnb
b60404d3-4280-4a72-856b-401087147dd1,rock
b611fe6f-4166-476c-a810-470582c6bc0e,classical
b63ac32e-5afa-49f4-8adc-79f21ae966c9,metal
b64d4ee2-3afd-406c-9b64-01254b7e2b3a,country
b651d248-6b12-48e8-a75d-cab099154b74,rnb
b66081fd-7a42-4f37-9a24-a510714109a6,kids
b670b50d-c1c0-431b-80d0-a3b0cb8324b6,kids
b6b29f98-50cf-467a-9626-88b869689845,rock
b70f1325-64ac-4cd8-8747-1afac04d8961,classical
b74ce322-4cc0-4d84-9ea7-c06de5777d4a,edm_dance
b75e26c4-2840-444c-8ddc-13289a3e2f2d,jazz
b770a62d-373c-45fc-a548-25715fd0c137,country
b7bc4e29-74ff-4893-8a03-467c070b9078,rnb
b7f6d27f-ec2e-4430-bca7-f5b3de578c11,rock
b8206aa7-44ff-40bb-9751-0f67b56ffa32,metal
b843ac56-6687-41ff-b015-baa8866070d8,edm_dance
b847329d-7a94-4b85-a20c-f7e49885f306,rnb
b8b55a4c-046f-4fab-b707-10778d88339e,latin
b8bb791e-3b88-4271-b225-58903602c1d4,rnb
b8df05b9-466c-4efc-9c38-98d5e6f015ec,country
b8dffe8f-703c-4299-81e0-cbaeb65e7c17,pop
b8e7b77b-57de-43e6-9204-5b8224070339,metal
b90a45de-df2b-4689-b710-5977d172909d,rock
b922b22e-4c96-4037-a729-866405d71e7b,classical
b96c5d97-83a8-4b58-a6cb-0591a079d87a,edm_dance
b97e9438-7fe0-4801-b0b8-8acc36a50c4a,rock
b9a65e2c-2ca8-4728-8573-2823a84ac94b,latin
b9a7c4f5-8740-4b0a-822c-f6956f77503f,rnb
b9f1d7a7-1310-4b5e-8bf8-ac6c4723f595,rnb
ba0748d4-f49d-49f2-975b-42c9ba19ef43,edm_dance
ba42b2b7-2d51-49c0-8d7f-294ab381e50b,edm_dance
ba4d2cab-4dd1-4ab2-add9-26532d9ad2ec,edm_dance
ba7ac3d7-6183-46c4-9e08-17e2def884d2,rock
bb12fc5c-00be-4457-8e93-18a69fef87ee,edm_dance
bbc7f0da-ca7f-48b5-b25d-4dfaece82146,metal
bc2445d3-4da3-4eb7-a56a-f195b7bb5b6f,rnb
bc308e70-2515-48ff-9172-6ec722a48db6,rock
bc3fb5e9-eccd-43bc-9927-dd26215db11e,edm_dance
bc48cfaf-636f-42f6-93fb-976b3ddcc020,kids
bc8b2d72-3225-4f06-82dc-f42a3b898097,country
bcb82c84-1bb8-4762-b11f-110587d64667,rock
bcba9407-6aba-4dfb-886b-f88f279ee928,pop
bcd5c403-12e6-4553-a0a1-292fe0a864c3,country
bd163da5-4213-4805-a8b2-73e54ae7269b,pop
bd65a347-f45d-4ea3-9f29-b3b7a3db6089,metal
bd7876c6-4673-4e9d-b463-b0448ba12a42,kids
bda1b35d-9ee9-446c-9376-cbb22f5a8c94,rnb
bdc1cb00-38b8-4dba-a65d-62854eb2feb8,country
bdcc5b34-addc-4725-b006-f4ead91c177f,metal
bdcdc7fc-8d5d-4701-8bfb-a49793640642,kids
be0ad96f-88c5-46a2-ad24-6d3dfa7bffaf,rock
be168499-c69d-4ab7-8c1c-fa7c3d5c7fb9,rnb
be1c91de-3bf7-46c0-92a2-4dfe65b3c8c6,kids
be25ea28-08bc-463d-b951-2c5d784c4adf,country
be36be53-0b79-4c2f-914e-a4e0920c25a6,pop
be7fe5ee-e115-4325-b307-f823a64eef33,rnb
bec0155b-3b73-4db5-82fc-f25fa6cae480,metal
bed8b949-9bc1-439b-96b8-3f6deebe5bf6,rock
bed92657-dbe0-4b88-8ce1-18a4e1565c95,country
bf005667-3459-4aca-b368-2934745332d4,rnb
bf2bc7b4-24eb-4210-99ef-9c27d5599a91,classical
bf434e5e-ef4a-4f59-8778-c6a68df46961,classical
bf8b0499-4f4d-4778-aa76-bf1863996ad2,latin
bfcb34bb-8a7e-4c14-b072-1b9bcf488700,jazz
bfe72e8d-b88d-438e-86de-ba6a01eeb10c,pop
bff2c426-345f-4286-b4fb-94efd18014f9,edm_dance
bffb606b-eb5c-49a9-bca0-e46c7de28978,kids
c02934c7-189d-4e40-92b9-3f7c1fb85fcf,metal
c02adb1d-85fa-494d-8461-5191bbfecf0c,country
c02f4af1-9352-4998-bdce-b2832845c489,edm_dance
c04ef987-e5bf-4db7-8e05-be77f06117fd,metal
c0cb2045-e9f2-4eff-9fb6-555f670def68,metal
c0de42bd-a2e2-4a20-85e4-2a677eee084c,rock
c166e7c5-2253-43fd-aab4-1439cc8d9e7a,edm_dance
c170c200-cf94-4284-8997-426301adf5f1,rock
c190e552-7b89-4596-b3f8-a4b2b0e4c311,jazz
c1c63c10-7942-41ca-9242-fa2c195e63af,kids
c1e718e6-acae-4ed0-b0d9-cd80bbbd1608,rnb
c2479712-42d8-4e3d-b1a2-c10094e51b67,metal
c25a6303-6ecd-4eec-b877-0ee19fc70178,metal
c2787be7-363a-4bb9-8b1b-aba11b7f88aa,edm_dance
c28d36bd-a31e-4676-a75b-67a39c0d2b7b,latin
c2b321b3-bc3e-471c-9fbe-ff385325cd56,rnb
c2c2f953-fb10-4752-9a55-e8a448a8fcc7,edm_dance
c2eee127-e34b-4cb1-a984-b2b21cb348ca,latin
c301744a-16ba-4ebe-8a3a-6ed3220cccb3,country
c35a4f2d-f500-4157-a250-2436520d795b,rnb
c37eee2b-253b-41de-acc0-9426637ae2a2,jazz
c383ec8b-9f35-4b84-9422-dbcc46fd267c,classical
c38f82a1-a87b-4228-8aa8-129115d34128,rnb
c3a87892-94a8-4b21-b80f-9e893081717c,latin
c3af34af-216c-4831-bd44-51f5ea56f0c9,rock
c3b49a06-9ed7-476e-b48e-c689b1a817c4,classical
c40a3118-9dfb-4fa5-8634-aa7eabd94637,rock
c41696c4-b9a6-4904-b206-a3b08bafbb58,latin
c41e143a-b8e9-42be-b387-39b5c5365736,rock
c41f761b-12cc-40e5-bb97-aaf952c892b4,pop
c435ceea-a5cc-40ae-a7bd-c97fba43f44b,classical
c45247e5-1fa7-40c2-ad4a-47e1dd5c74a2,jazz
c453eca9-a001-4453-b827-e37b23c38b78,classical
c46c7e65-ca8a-4e9b-9892-6467c70a52d4,country
c47bda6d-f1de-4b6b-849d-cfc0ee198342,pop
c4a0f304-4742-42d1-8a94-5914e893d09a,pop
c4ad3db9-f898-4953-858b-26f2beaf3472,edm_dance
c4d6deea-00e5-4b75-a343-9eb0dca7cb32,rock
c4db70d7-533d-4b21-ab52-da749db261aa,rock
c4de3438-56e6-4b4e-ac98-5e0420c742a3,classical
c4e07e3f-19a9-4290-99be-5865a1e16349,classical
c5036417-50be-4dad-8787-e96123583f14,classical
c532a8e9-5d5f-41e9-9835-6d0b58555a0c,jazz
c532cb6e-2b45-4cf3-9b2f-57a339e73d77,classical
c565d425-5e91-48e5-8a83-abab924ec8d8,country
c5932ab9-a200-40aa-8f03-5999d52a4c96,kids
c5c00173-33fe-4626-9090-b774113dc5f7,latin
c61baf9d-d95d-4b1c-89c7-7c131f462d0a,kids
c68eef60-6e4a-4f87-99c7-e6a1c51dbe07,country
c69fddbe-8b24-4b79-9e38-6d6c18e94d56,rock
c6a38628-219d-4ba8-9ca9-0028d1a16a6b,rnb
c70220aa-72b2-4128-9401-601487c18854,rock
c7078919-70da-4976-a607-234ff48ae1f5,edm_dance
c73de3c0-5531-44ec-ab82-d0e73bca591c,edm_dance
c777c62d-7417-4b3e-a57c-a2fc755184cc,classical
c77f19f3-6692-4ca7-b3a1-bfe757ed122a,edm_dance
c7852804-386b-4ece-8f27-75db36556975,rnb
c786e33b-5503-401b-a4c6-5261245caf3a,rnb
c8aa9c0a-306d-4c31-b841-8120a79e28b4,metal
c8b29a11-ac5c-4f56-a1b0-5aabdc113d92,jazz
c8d94212-b336-40ca-a65d-4934ee0e10b8,classical
c91d3d36-78cf-4ff6-a4e5-137c2f139940,country
c976d9ed-4094-49f9-8dde-5bf6e9828714,metal
c988f30f-1aab-42d0-9199-9c0911f8a457,jazz
c9a26781-497d-4d12-bd2b-411ffe988cd8,jazz
c9b92617-f605-42e4-b9cb-ac2d8adfa9db,latin
c9be59fe-e053-4a14-ac5c-86239d8085ad,metal
c9d4c610-efd2-4c35-acd6-3f49f8fc36f4,country
c9fcbe37-3f08-4f81-be37-594c59b6c4c9,rnb
ca7403fb-9cf8-4711-9e4d-268722a54f1a,rock
cace130f-81c1-4aeb-8dbc-d32453c5001c,pop
cada158e-a956-462d-b407-3267e9206744,classical
caf3bdf2-9aac-416c-8d2b-3ba68d102312,kids
cb0c0892-8809-4d2e-b136-eef1624e86ed,rnb
cb2a1ff6-7034-41c5-8cf0-77c862f1e938,classical
cb2c3a6a-1076-48c2-abe5-92013d21adac,jazz
cb523dfc-ef36-4e22-bedd-23ae190fea14,kids
cb6cd1e2-7698-43f9-a887-0134885fe163,country
cb751110-7c25-43a7-9eb5-6182c290501d,classical
cb8c71de-e32e-4810-b1c4-214bdb396099,classical
cbc31d88-3ac6-4b8a-b746-9ad48db4560f,classical
cbca7f81-b1b1-4e8e-8ca6-db47fb2bd8e2,rnb
cc0e0f4d-0c15-425c-bf1a-6552b42a2fd7,latin
cc4eed19-b90a-4829-8aac-4cc92bbc6863,pop
cca525c2-3249-4103-9cdf-2bbdd32f70c9,classical
cca81c1d-8203-4e2e-b292-46963dccd536,country
ccb9aa80-39c2-4880-9e5c-53c11bcafb63,kids
cd171025-a09f-49e8-a148-73f7a3fde3b9,edm_dance
cd3763d9-c2db-4273-a024-546b1fac78d5,kids
cdf0fca6-312d-46fb-8457-781788ecd257,rnb
ce2afe8f-a1de-4dd6-bd7d-c0c9516a50df,jazz
ce70a948-5034-447e-84c3-fccd967fefae,latin
ce891d0e-1194-4e14-9ff0-2dda1a4ac61d,pop
cf34ebaa-a7a1-4935-8fb3-d28941164f6d,latin
cf626929-b535-47b5-aa9e-4e8a4130d9ab,edm_dance
cf9cd490-cbef-4759-9dd5-048d33775ba3,kids
cfa2d342-e768-4d3e-8cf0-e879b1e202f6,country
cfaddef4-7f21-423a-8fc2-2c7d413e6f31,kids
cfb02900-506b-418b-b5f9-581ccf1ff850,classical
cfcbd87f-9c8a-4886-ac23-8d517fa873a2,edm_dance
cff19946-03ad-4d19-91cf-a64b1ae0debf,jazz
d0251a5a-b50a-498b-9008-af5308dd9293,kids
d04065c4-897f-419b-a9d6-412b538b6bfb,edm_dance
d04c28d9-7c13-4be3-b605-bcc3aa9b324a,latin
d0a9fb6e-6ed0-4f0b-8ab5-b4347af9e201,jazz
d0bce4fb-ecd3-4c7e-b75e-f0b0a8cb846d,kids
d0ce279f-4e84-4a8d-9bbd-b3036e36a8f9,latin
d11b1f6a-56c1-4e22-a13f-90e1c7876f66,classical
d149a347-5280-4473-8f82-355087ab0714,rnb
d1a5a83b-e32d-4e31-b3b5-5c8b342e604f,jazz
d1a6dbb0-e77d-4a87-bdab-bc7c8351dbb3,classical
d1b6eeba-c190-4e3e-a0b8-641ffb308755,kids
d1c0dc59-7bc2-4f93-9a16-af79e4593c4d,kids
d1d5b8cd-dbb6-4434-adb5-c616e6159351,kids
d1d7f038-448f-474a-a8b5-285274666a41,country
d21e68f6-b836-459f-a6a0-082278fe0d8d,rock
d21ffec7-ebdb-4cf8-8d7e-43ff91536d97,latin
d27f1d52-2586-443d-aa0a-252f85b92eae,rnb
d29748d9-91b1-419b-9d11-ffc906f8c8d3,country
d2af295a-cb45-4de6-bcd7-9a52a99c93b8,classical
d2e5387c-bd00-47b9-9fe9-f8d4c8712947,jazz
d300531a-e596-41ba-9fae-6bfc7a198206,latin
d303e415-1e1c-4b7d-8de8-9af807d89b9a,kids
d31783c0-3568-4e11-926e-7b647b6cd678,metal
d348aa40-4e36-450f-aec3-1afd2ebe169b,jazz
d3683ab4-180b-4c87-9d5e-839c47fcbcb8,classical
d3d52b4c-eecb-4ece-aa7c-3ddf64b03153,pop
d3e684a1-6ed8-40e2-89f4-30f6b5d7b850,kids
d3e7069f-3f38-4f0e-9cae-eaf355780faf,edm_dance
d444fd80-1b79-46e9-9309-ea9d9a53157c,classical
d474a860-a421-4679-abf3-176559c6fba3,metal
d47ac476-97d0-4c4e-a6eb-db265965be8e,country
d4a57814-ca86-4d6a-9c82-a9b3aea4788c,classical
d522827c-cfd4-42a3-b626-57a88e63ca3c,rock
d52ef342-c5ef-497d-a801-4950d1a12d55,jazz
d5748e55-ea69-4578-8d9d-dada0b8148ba,latin
d5a3235d-acf9-4139-95e5-a01c73e88084,country
d5b1abd5-99b2-49f6-b4c3-12498271c4d9,rock
d5d37921-8003-4536-ae99-f9b7e91ec384,classical
d5d6b00e-bbe0-49f1-9dd0-d51564589fb4,rnb
d5db1f8e-d7c3-4382-a684-3f21bfb4d772,latin
d5e25d0a-a49d-43bd-82be-b9b168886ba0,rock
d5e4a093-6afb-4a3a-a103-708ddd7177a9,classical
d61d165b-da9c-4d18-a928-9e2303036d47,edm_dance
d6235baf-0822-44d2-88a5-ce51f0e5d34f,pop
d686bf68-6df7-4ea0-85d6-1bbdac00bbc2,edm_dance
d6b6e19e-a753-472b-8670-19c618a217bd,kids
d6c7a9f9-d62b-43ef-a7c9-5cfbc41377cc,country
d6cad552-bbbb-4ef7-b5d3-b7300e3415f9,jazz
d6d5aa50-ccb2-4ba9-a6e7-fc489238088c,latin
d7586b69-d700-477b-89ce-58049359f64a,rnb
d785fcde-9fd0-44bf-94d7-60d6543ae1e5,metal
d7e39110-79e3-4361-953c-5d9ce6d5759f,country
d809c89e-79ee-4c66-a78e-e55571deb1a4,classical
d8271504-0195-4aa3-b8e5-035c4f151ecd,classical
d83268be-2de7-4dec-871e-5b36cb72e98f,latin
d849f91d-3108-482e-895e-855f3f44d355,kids
d85804b6-17c5-46c2-a40e-dd9f6ea55331,latin
d864848a-6f51-425c-aeae-05e523aba5aa,kids
d89ae912-eb1e-40b8-96c3-46c8fef59391,latin
d8f881ec-b5a5-45e6-b179-13b29477017c,country
d93b888e-d40a-4d8f-895b-67d6f93716d9,latin
d943cc61-96d2-45c4-95ec-85884ad77723,kids
d962f64b-1c9f-40d4-9cb4-b16218fd921d,pop
d9e899e8-3724-4ce7-bb22-3ff7ee5f7f95,metal
da0bcc21-15d9-4ecc-9477-42dcc26e1330,rock
da1a5027-662c-475e-ae2c-9dffcfd5a094,edm_dance
da3b160b-59cc-463d-9a2d-e318e0be5603,classical
daf84757-4c74-4869-8d4c-a0af61e8f8d3,kids
db2bf703-e664-4d57-a333-dc925d90d1b5,classical
db2ec997-01d2-4dba-a97b-3674caaec11a,pop
db4f3801-65f1-4754-895e-4759cbc62572,rnb
db661c37-afdf-42d7-a35f-d96ed35e069c,latin
db92e859-5ccf-4ef8-b10f-1e90922c3fae,jazz
db9b2347-bb04-498b-b16a-43cafab8fe19,edm_dance
dc309afb-ba9b-467a-b3b8-de4dfc1f8b52,latin
dc991e88-81ac-4cfa-b910-4f81537de6e0,metal
dcc64ffa-fa7f-4234-b491-dd396f1e1852,kids
dcf7c09b-09ae-4200-86ce-ad681e7da2c4,jazz
dd2a980d-698e-4e8a-91ba-300d1cc379e8,country
dd71747c-0ed7-4a6f-bef6-d4d4b7b2b0b3,pop
dd922b5b-fd77-4ffb-b18b-6e70f21d63ad,kids
dddaef31-6401-4f1d-886d-5116e7bada33,classical
dde1bcc8-3d0e-47e9-b775-d3d3ecfcbab9,rock
de152cdd-92a1-47d4-9bed-1582b0d3315e,jazz
de18af93-6a5c-4dce-9754-d6a9a47f1210,country
de7dcd57-49d0-42e9-a87a-bb61a371d79c,edm_dance
de892fb4-6050-4a0c-ba7c-b402ff591ed2,rnb
dee2cd53-c409-4d37-99f2-9ff043db2367,metal
df094fcb-a3f9-4d59-a5cd-4857b3bfc117,classical
df393e63-af36-4df0-9993-33c91239a831,rnb
df39adf2-31f9-4a61-884d-b2ff2e3cabf2,country
df68ba1d-c313-4641-a74b-a9e6e9dc6a85,edm_dance
df7858f0-f1ef-41a0-bce0-8dc44049dbb6,country
df7b25a0-6598-4811-a86f-c16c34c2b092,rnb
df9f1b84-e47b-4a08-afd5-a588a1905be4,kids
dfafbeb4-7cc1-4dc9-909d-307682287a24,pop
dfc71474-6bf9-40bf-b6d8-5ef62c41a892,rnb
dfcaac86-adb0-4496-bd00-3e4607b4e7db,jazz
dfd9fda3-9660-4168-ba65-b55b2ea80543,country
e0016fcd-64c3-4904-8ce1-6fd035570229,latin
e01615e2-cabb-417b-8447-bc0392388afd,country
e01f27ef-a966-44f5-a17d-2957de51a6e8,edm_dance
e024f24e-004d-4461-96b9-39330d5d1cff,country
e0653dc1-0a0b-45e5-853c-be7312123256,jazz
e075006d-64aa-4c24-a64f-ebcfade207bb,country
e084b55e-6465-4d9a-ab81-e3a033ca10b9,latin
e0a823a6-904b-4cbd-8ccc-02467c7c8810,country
e118a1a3-e42d-4db3-96d8-5faa0486bfd8,classical
e1197fe5-5f26-47db-a47f-c5eddbbee637,classical
e12b48c0-1407-47dc-8d07-0a58b647fa7b,edm_dance
e13d6721-046a-4120-b95f-4cd3ad4c2601,classical
e151e039-2ea6-480e-b5ee-7c3596b7f664,metal
e15d82a7-f79d-4ff3-a8e3-c53057c5e590,rnb
e1fd3080-e460-40d7-8a1a-28f38d41c74f,rock
e23e9b6d-5145-4a1c-97b2-3cf216eede4d,kids
e28b1d15-af94-467a-a8c5-6cbe2b977c8d,classical
e2c11ddb-38f0-4440-8305-5b56b2903e28,pop
e3bc0872-8af6-482a-a15f-e4b9045a755f,jazz
e3c786fd-32f2-4e25-8c3f-5933fc908d57,country
e4163936-fab6-4f8f-815e-aa114c975a09,rock
e416bf6a-3605-4fc4-961d-75d25212789c,classical
e430fb32-7435-4019-b8a0-cef86e262216,rnb
e4345630-63ad-4ace-9e21-f1a7bbfc97eb,jazz
e45764c0-89c8-4b27-8439-bfa641110f9f,kids
e483cee1-695f-424c-b765-3d45b88351f8,jazz
e4c1561e-bb29-49fd-9b63-ca20e67d81b6,metal
e4c15ecd-5515-4c1f-af79-0739dc0a833b,jazz
e4f1a0ae-39ce-4c29-904f-ec6390e9ba96,country
e5247ceb-750a-470c-a88b-e7a63936defc,rnb
e5378584-dcd1-468e-aec6-cc1884f35101,edm_dance
e53baaaa-97ed-4ced-b520-b135c17ca915,latin
e53e0269-8a14-419b-8339-f386da1a99cc,pop
e542a72a-2f41-40e3-933a-1b2666221c24,kids
e56d0148-4ec7-49a1-aa07-4bd1ae43c6fc,jazz
e5831bec-1ca6-4494-99e8-18189f2f2de7,latin
e5a07290-d762-4b2f-b2e5-9a7fe0eb6d5c,jazz
e5d46a49-b1c8-4980-8bd6-b6f0cf1e8c94,rock
e68260a8-9e5a-4105-9918-737bd9c408e7,jazz
e6925dd1-448e-4234-921e-46b88d981aa3,edm_dance
e69603b5-4a50-4d37-882c-81c376fe5c0f,rock
e6d23668-3f54-4114-a59b-cbbe1bf869ac,rnb
e6e3756a-46fa-49d3-a3a6-7b4804efcddc,rock
e6ff6ab6-c9ca-433c-a354-6b442b96ad3e,edm_dance
e733bf32-c9af-419c-99c1-170694a6eabf,kids
e7632b79-63cb-449e-a8d9-4fdc11860312,metal
e7c5e0c4-3ff8-4f07-bf76-4d8a5899c03e,latin
e82140bc-d24e-4f3c-8d35-d50556eab9ae,classical
e823595e-c4e6-4caf-a589-10fff71783cd,rock
e87f8aa4-f2e2-420b-ab27-3b724f3b6050,jazz
e8c4540b-6ec3-4c27-b5ba-35735c33d91f,metal
e8c9822a-9e7f-4ce4-882d-c71b3a6e58dc,edm_dance
e90ed7c5-6d8a-4dfd-a879-f1d84bda5086,rnb
e97e3990-5ecd-4521-9eea-3935ca4f9b54,rnb
e9b6498f-7f83-4503-b7a0-e37325c297bf,classical
e9cb863a-51ef-47e3-9322-040243b68c07,rnb
eab5a7d3-3e60-4479-82e5-e2a63e75f353,metal
ead4a4f0-80dd-431a-aa4f-713dbbfd10ee,country
eb47e83b-26e1-49ff-aed9-ca0120604e4f,rnb
eb54144d-a2db-4a3e-9163-b14b99411a9a,country
ebfcc686-1b46-4a47-8325-6e8698c31c70,metal
ec37eabd-6b2c-4ef4-8e6c-bc75f59be0be,classical
ecbb9c2d-4bd1-4a14-97d8-7427525f7b38,pop
ecc13c13-951e-4acb-b24e-9ec262dc518a,pop
ecdf4b09-a12d-4a2b-9358-c3e36d10eb98,latin
ed00b2b1-9c1b-4a17-adda-556a4d1aaccd,metal
edcbed46-af2e-49fe-9215-70489051e38d,rock
edcf4fc0-e6ba-4380-af98-9bca59db273b,edm_dance
ede47267-5e3b-4c23-b649-d7a5410e102c,kids
ee11145e-402f-49e3-9529-50d69eb2635e,pop
ee13e41f-13dc-42ac-9f19-fda85a6125bf,jazz
eee479ce-bb37-4fa4-8faa-c11013231747,pop
ef104841-88c4-4660-aa04-6d0fdeedb131,metal
ef21dd40-5c87-4874-8403-9cd129b2c9ef,kids
ef4df23f-c2c4-4f58-990d-cfa07ada1207,latin
ef4faa98-6a64-4a04-970f-439b8b8cd550,classical
ef5b52ea-f20a-4b7a-933c-b4f7f0aebdf0,metal
ef986fcb-1d88-4170-9c1c-6855c51e93e4,country
efb89f99-f104-4156-8244-c745efc4f8fa,edm_dance
efc5f36a-1bbd-463d-adcd-cdecee17462b,edm_dance
efc739d1-9515-4b15-835a-4fe8a65d3528,latin
f067579b-7210-46a1-bd0b-1834f25907d4,rnb
f0d12d4e-b8d4-4104-bf30-8010112b8de5,edm_dance
f0eea309-b830-4c32-b672-043a4e23861a,country
f192ccfc-f6cf-4814-99b5-67d0d361b03d,metal
f19f7f54-86a2-423c-a9f2-9000cf514109,rnb
f1c9b096-6bb7-4246-892c-6a39a3e9bb44,rnb
f1ece2c8-7e62-434f-ad02-e12352ab00e5,edm_dance
f263dde3-836e-4f9e-9c09-c119cb44b173,country
f26e2537-d31e-4fc2-829d-00125c68fd7a,latin
f27b0074-7bc1-4975-980c-5401150522db,rock
f297f3d5-a2dd-4bc6-b689-569cb588a0da,classical
f317dc0c-a51f-4c8d-b2a2-df2bde69cbe8,classical
f335d20a-6d5a-412d-a785-8b916206733e,classical
f3470cfc-ef7e-4c5d-969d-24889e84fbc8,pop
f35c243a-c1fb-4c7e-8a22-0cb11b7fa0f1,kids
f36c64f6-2410-487d-a4c2-fac7409bf611,metal
f37dd3de-a651-49e9-8b0d-b83d150765dc,country
f429e1eb-8433-4ce0-a197-ee088807a89f,metal
f434cece-1b46-425b-9eda-a456a150a4c2,classical
f451069a-2b0f-4e01-8af0-f039325920b8,classical
f4525a35-511a-4707-84c6-c1d8ea70b0a5,rock
f4578738-0bf5-4235-9cf1-cb850e752b8d,classical
f495362b-9f3e-4952-9e6c-85a72bf366eb,edm_dance
f49e0b34-e8e3-43f5-b960-19ce3ca72b79,country
f4a52112-1e69-461c-a258-7d28614fb388,rnb
f4b87255-da8e-4fe9-8284-e11011091073,classical
f51e02af-3ced-425d-aba8-276fd9e6616e,pop
f5637cc7-529a-4ef6-accb-bcd8ac7117f8,rock
f5701901-6b81-4428-b8b2-9617138a46d3,classical
f576a5c4-b8f5-498c-9996-4892a4dae898,edm_dance
f59cae2a-7a4f-404e-a799-20f9dadfe2c5,rock
f5dea225-5b68-49a8-9c75-c2b58382bc3a,latin
f5dfd709-006f-4814-b147-7e3711ea5626,jazz
f633b052-f6c5-42fc-b557-73946b8f9b37,edm_dance
f633bd99-4c6d-439e-b74f-64d325d483db,metal
f646079b-ec70-4bf7-b188-ec26d25b0996,kids
f6736e1f-5e00-4f26-a202-8e87f479aee8,kids
f675eb62-b2ec-4e37-8003-44d830980141,rnb
f6822dc3-2886-4c7a-81a3-f990f56da0a1,rnb
f6d9762e-2f8d-4d12-bea7-a970fb8588ba,rnb
f72e611a-ea80-4fb6-b739-766bb66dd401,jazz
f777530b-641f-49ad-8ae3-77083598de6e,edm_dance
f78b010f-8258-471f-b696-60a36ffad55e,rnb
f78c5533-a136-406c-9c24-be458e59e202,jazz
f7b3e23d-a116-4d5b-bc2f-c0aa4438678b,kids
f7d98bed-0216-473f-a1e2-6f6a99a0118a,jazz
f7e9af5b-7c31-48f6-b8a9-101d1d942ca3,classical
f7f59eaa-62fc-4d38-b6f1-a98d1c8c3482,pop
f803f4d7-79e1-423e-8b72-e33686e8e5a9,jazz
f89c4bdf-3ff4-43e3-8cfa-21cc422fcbe8,edm_dance
f8bfd46e-2942-4fcb-b65d-22c477a295fe,rnb
f8c45ce7-c278-43ec-aeb4-32701c7ffc3a,jazz
f8fd8195-c91b-42df-a644-b37bd82130ca,metal
f90b3452-d27d-4768-949e-d4f5acc24f01,country
f92992d5-71c8-4549-8328-3e461f06014b,country
f9c61cbc-2d26-4f73-b5b0-a5447debcb99,metal
f9cd58cc-7a56-49bb-8fbe-ad71820f72ce,metal
f9f28c48-750e-4a99-a077-9ebab29a17e0,jazz
f9f91f95-b490-486f-8f52-1a721efa8c5b,classical
fa0d3dfe-6c18-458b-b317-5df9aca2d92b,kids
fa5a7e0a-3c72-4d8a-8a68-6668bbe841da,pop
fa6fe11a-bc44-40cc-a4c6-82678848dbca,classical
facd916c-d249-47f9-be1b-95c99de4d16a,country
fafc939e-145b-44c7-9a51-7989132d6839,rock
fb48cccf-7637-451a-a7bb-07194792e161,pop
fb5dcdbf-6109-47dd-863f-79f7ef39741b,jazz
fb7333db-9db8-4b41-8c62-452da52c53cd,kids
fb7cb1a9-64d7-41f7-8290-9b7d95ead423,pop
fb97deaf-db6c-4460-87d5-0c6ed141299c,metal
fb98f3d5-5d65-4c59-8fb1-4e045c19a3d3,edm_dance
fbeabdca-6966-4af4-93b5-da50bf71ebe9,latin
fc037fdd-7f4d-4631-b472-a81ea32ac008,latin
fc0d7ae2-ba60-4adc-9f62-cbc0772235f7,classical
fc55b47f-1bf4-4893-aa7e-2d3e4291c3bc,country
fc6b464d-7fb7-47ec-860a-e4320702b1a7,kids
fcbbc614-6cda-4ed4-981b-86ac2f3931ef,country
fcbd90d8-c26d-4846-af61-96f2f0e6cebf,jazz
fccfd83b-e8b0-484d-9906-57922f25d178,pop
fcdb4bdf-bd13-45c4-af2c-37da652c07c4,pop
fd0329d2-e10c-4e96-bf97-6d8ad3ddbb6e,kids
fd109d12-55a4-4a64-a5bf-9c521969a90c,rnb
fd2bef6d-2b52-4fdb-a516-7c94f83bf8de,rnb
fd53fdab-dede-4405-9bd3-90c602f34319,latin
fd5fa713-1c1d-44dc-9a21-881ba56a8fb5,metal
fd852596-31f3-4a76-b3e7-a362ad868bf6,edm_dance
fdaa4684-0c21-4eb9-9937-1b39edf38bfc,latin
fdcce82f-a5ef-43e1-b710-ca7b7bcaa24c,edm_dance
fde36e96-7ad0-468f-a323-ee56a9b65de7,classical
fe1cdc1a-2ee5-46c6-baec-efe4eb2e2124,kids
fe283b5e-5c8e-42cf-aa99-f6591871e05e,jazz
fecb22b2-5031-41f2-9e64-8412adf0f683,metal
fecf8fbe-f9c5-4404-962d-1dbb5cdd6c18,latin
ff1cd17a-ef1d-48fe-9bda-478f5494238b,pop
ff293635-ea4e-478b-9e75-51d5d4509dfb,rock
ff5fde0c-9dba-4db6-815d-a205e70f4d56,latin
ff6618eb-01d6-4db9-ad34-8c68fb925765,pop
ff7f483d-d7c4-4220-a713-3ed4ccc54a1b,metal
